week,date,approve,wtc,afghan,kabul,iraqwar,adj_app,rdpi,pop,rdpipcly,rdpipclh,rdpipclq,month,year,early,bd,nn,iraq,totbd,l10tbd,sfafghan,bushun,congress,powell,baghdad,mission,unoccupy,igc,unhq,italian,saddam,prisoner,uniraq,karzai,obs,rdpipc
5,2/3/2001,57,0,0,0,0,57.000000,7279.3999020,284266.0000000,0.0003200,-0.0000632,0.0000186,1-Feb,2001,1,0,1,0,0,0,0,0,0,0,0,0,0,0,0,0,0,0,0,0,1,0.025607705
6,2/4/2001,57,0,0,0,0,57.000000,7279.3999020,284266.0000000,0.0003200,-0.0000632,0.0000186,1-Feb,2001,1,0,7,0,0,0,0,0,0,0,0,0,0,0,0,0,0,0,0,0,2,0.025607705
7,2/11/2001,53,0,0,0,0,53.000000,7279.3999020,284266.0000000,0.0003200,-0.0000632,0.0000186,1-Feb,2001,1,0,7,0,0,0,0,0,0,0,0,0,0,0,0,0,0,0,0,0,3,0.025607705
8,2/18/2001,54,0,0,0,0,54.000000,7279.3999020,284266.0000000,0.0003200,-0.0000632,0.0000186,1-Feb,2001,1,0,7,0,0,0,0,0,0,0,0,0,0,0,0,0,0,0,0,0,4,0.025607705
9,2/25/2001,55,0,0,0,0,55.000000,7286.2568360,284388.8571000,0.0003061,-0.0000311,0.0000554,1-Feb,2001,1,0,7,0,0,0,0,0,0,0,0,0,0,0,0,0,0,0,0,0,5,0.025620753
10,3/4/2001,60.5,0,0,0,0,60.500000,7291.3999020,284481.0000000,0.0002956,-0.0000071,0.0000830,1-Mar,2001,1,0,7,0,0,0,0,0,0,0,0,0,0,0,0,0,0,0,0,0,6,0.025630534
11,3/11/2001,60,0,0,0,0,60.000000,7291.3999020,284481.0000000,0.0002956,-0.0000071,0.0000830,1-Mar,2001,1,0,7,0,0,0,0,0,0,0,0,0,0,0,0,0,0,0,0,0,7,0.025630534
12,3/18/2001,58,0,0,0,0,58.000000,7291.3999020,284481.0000000,0.0002956,-0.0000071,0.0000830,1-Mar,2001,1,0,7,0,0,0,0,0,0,0,0,0,0,0,0,0,0,0,0,0,8,0.025630534
13,3/25/2001,53,0,0,0,0,53.000000,7286.8569340,284513.4286000,0.0002776,-0.0000296,0.0000534,1-Mar,2001,1,0,7,0,0,0,0,0,0,0,0,0,0,0,0,0,0,0,0,0,9,0.025611645
14,4/1/2001,56,0,0,0,0,56.000000,7259.6000980,284708.0000000,0.0001696,-0.0001648,-0.0001239,1-Apr,2001,1,0,7,0,0,0,0,0,0,0,0,0,0,0,0,0,0,0,0,0,10,0.025498405
15,4/8/2001,57,0,0,0,0,57.000000,7259.6000980,284708.0000000,0.0001696,-0.0001648,-0.0001239,1-Apr,2001,1,0,7,0,0,0,0,0,0,0,0,0,0,0,0,0,0,0,0,0,11,0.025498405
16,4/15/2001,60.33333206,0,0,0,0,60.333332,7259.6000980,284708.0000000,0.0001696,-0.0001648,-0.0001239,1-Apr,2001,1,0,7,0,0,0,0,0,0,0,0,0,0,0,0,0,0,0,0,0,12,0.025498405
17,4/22/2001,56,0,0,0,0,56.000000,7259.6000980,284708.0000000,0.0001696,-0.0001648,-0.0001239,1-Apr,2001,1,0,7,0,0,0,0,0,0,0,0,0,0,0,0,0,0,0,0,0,13,0.025498405
18,4/29/2001,56,0,0,0,0,56.000000,7246.8286130,284914.5714000,0.0000526,-0.0001646,-0.0001747,1-Apr,2001,1,0,7,0,0,0,0,0,0,0,0,0,0,0,0,0,0,0,0,0,14,0.025435094
19,5/6/2001,55,0,0,0,0,55.000000,7244.7001950,284949.0000000,0.0000331,-0.0001645,-0.0001832,1-May,2001,1,0,7,0,0,0,0,0,0,0,0,0,0,0,0,0,0,0,0,0,15,0.025424551
20,5/13/2001,53,0,0,0,0,53.000000,7244.7001950,284949.0000000,0.0000331,-0.0001645,-0.0001832,1-May,2001,1,0,7,0,0,0,0,0,0,0,0,0,0,0,0,0,0,0,0,0,16,0.025424551
21,5/20/2001,54,0,0,0,0,54.000000,7244.7001950,284949.0000000,0.0000331,-0.0001645,-0.0001832,1-May,2001,1,0,7,0,0,0,0,0,0,0,0,0,0,0,0,0,0,0,0,0,17,0.025424551
22,5/27/2001,55,0,0,0,0,55.000000,7247.9145510,285055.7143000,0.0000225,-0.0001450,-0.0001912,1-May,2001,1,0,7,0,0,0,0,0,0,0,0,0,0,0,0,0,0,0,0,0,18,0.025426308
23,6/3/2001,55,0,0,0,0,55.000000,7252.2001950,285198.0000000,0.0000085,-0.0001189,-0.0002019,1-Jun,2001,1,0,7,0,0,0,0,0,0,0,0,0,0,0,0,0,0,0,0,0,19,0.025428651
24,6/10/2001,52.5,0,0,0,0,52.500000,7252.2001950,285198.0000000,0.0000085,-0.0001189,-0.0002019,1-Jun,2001,1,0,7,0,0,0,0,0,0,0,0,0,0,0,0,0,0,0,0,0,20,0.025428651
25,6/17/2001,56,0,0,0,0,56.000000,7252.2001950,285198.0000000,0.0000085,-0.0001189,-0.0002019,1-Jun,2001,1,0,7,0,0,0,0,0,0,0,0,0,0,0,0,0,0,0,0,0,21,0.025428651
26,6/24/2001,52,0,0,0,0,52.000000,7270.0000000,285234.7143000,0.0000427,-0.0000705,-0.0001239,1-Jun,2001,1,0,7,0,0,0,0,0,0,0,0,0,0,0,0,0,0,0,0,0,22,0.025487781
27,7/1/2001,51,0,0,0,0,51.000000,7376.7998050,285455.0000000,0.0002480,0.0002199,0.0003438,1-Jul,2001,1,0,7,0,0,0,0,0,0,0,0,0,0,0,0,0,0,0,0,0,23,0.025842251
28,7/8/2001,50.5,0,0,0,0,50.500000,7376.7998050,285455.0000000,0.0002480,0.0002199,0.0003438,1-Jul,2001,1,0,7,0,0,0,0,0,0,0,0,0,0,0,0,0,0,0,0,0,24,0.025842251
29,7/15/2001,54,0,0,0,0,54.000000,7376.7998050,285455.0000000,0.0002480,0.0002199,0.0003438,1-Jul,2001,1,0,7,0,0,0,0,0,0,0,0,0,0,0,0,0,0,0,0,0,25,0.025842251
30,7/22/2001,54,0,0,0,0,54.000000,7376.7998050,285455.0000000,0.0002480,0.0002199,0.0003438,1-Jul,2001,0,0,7,0,0,0,0,0,0,0,0,0,0,0,0,0,0,0,0,0,26,0.025842251
31,7/29/2001,55,0,0,0,0,55.000000,7470.1572270,285648.5714000,0.0005025,0.0005396,0.0007058,1-Jul,2001,0,0,7,0,0,0,0,0,0,0,0,0,0,0,0,0,0,0,0,0,27,0.026151566
32,8/5/2001,53.5,0,0,0,0,53.500000,7507.5000000,285726.0000000,0.0006043,0.0006675,0.0008506,1-Aug,2001,0,0,7,0,0,0,0,0,0,0,0,0,0,0,0,0,0,0,0,0,28,0.026275173
33,8/12/2001,57,0,0,0,0,57.000000,7507.5000000,285726.0000000,0.0006043,0.0006675,0.0008506,1-Aug,2001,0,0,7,0,0,0,0,0,0,0,0,0,0,0,0,0,0,0,0,0,29,0.026275173
34,8/19/2001,51,0,0,0,0,51.000000,7507.5000000,285726.0000000,0.0006043,0.0006675,0.0008506,1-Aug,2001,0,0,7,0,0,0,0,0,0,0,0,0,0,0,0,0,0,0,0,0,30,0.026275173
35,8/26/2001,53,0,0,0,0,53.000000,7497.5288090,285803.4286000,0.0005718,0.0006190,0.0008075,1-Aug,2001,0,0,7,0,0,0,0,0,0,0,0,0,0,0,0,0,0,0,0,0,31,0.026233166
36,9/2/2001,55,0,0,0,0,55.000000,7472.6000980,285997.0000000,0.0004906,0.0004977,0.0006996,1-Sep,2001,0,0,7,0,0,0,0,0,0,0,0,0,0,0,0,0,0,0,0,0,32,0.026128246
37,9/9/2001,83,64825,0,0,0,51.340363,7472.6000980,285997.0000000,0.0004906,0.0004977,0.0006996,1-Sep,2001,0,0,7,0,0,0,0,0,0,0,0,0,0,0,0,0,0,0,0,0,33,0.026128246
38,9/16/2001,86.33333588,21164,0,0,0,54.671066,7472.6000980,285997.0000000,0.0004906,0.0004977,0.0006996,1-Sep,2001,0,0,7,0,0,0,0,0,0,0,0,0,0,0,0,0,0,0,0,0,34,0.026128246
39,9/23/2001,88,23154,0,0,0,56.336414,7472.6000980,285997.0000000,0.0004906,0.0004977,0.0006996,1-Sep,2001,0,0,7,0,0,0,0,0,0,0,0,0,0,0,0,0,0,0,0,0,35,0.026128246
40,9/30/2001,85.5,25167,0,0,0,53.838388,7322.3999020,286254.0000000,-0.0000832,0.0000817,-0.0002622,1-Sep,2001,0,0,7,0,0,0,0,0,0,0,0,0,0,0,0,0,0,0,0,0,36,0.025580078
41,10/7/2001,90,30569,21555,0,0,58.334834,7322.3999020,286254.0000000,-0.0000832,0.0000817,-0.0002622,1-Oct,2001,0,0,7,0,0,0,0,0,0,0,0,0,0,0,0,0,0,0,0,0,37,0.025580078
42,10/14/2001,88,18181,16518,0,0,56.336414,7322.3999020,286254.0000000,-0.0000832,0.0000817,-0.0002622,1-Oct,2001,0,0,7,0,0,0,5714,0,0,0,0,0,0,0,0,0,0,0,0,0,38,0.025580078
43,10/21/2001,87,26729,19279,0,0,55.337204,7322.3999020,286254.0000000,-0.0000832,0.0000817,-0.0002622,1-Oct,2001,0,0,7,0,0,0,2228,0,0,0,0,0,0,0,0,0,0,0,0,0,39,0.025580078
44,10/28/2001,87,22920,12008,0,0,55.337204,7333.3144530,286390.5714000,-0.0000149,0.0001498,-0.0004837,1-Oct,2001,0,0,7,0,0,0,1048,0,0,0,0,0,0,0,0,0,0,0,0,0,40,0.025605991
45,11/4/2001,88,12982,11564,0,0,56.336414,7341.5000000,286493.0000000,0.0000363,0.0002009,-0.0006498,1-Nov,2001,0,0,7,0,0,0,0,0,0,0,0,0,0,0,0,0,0,0,0,0,41,0.025625408
46,11/11/2001,85,21430,11690,13302,0,53.338783,7341.5000000,286493.0000000,0.0000363,0.0002009,-0.0006498,1-Nov,2001,0,0,7,0,0,0,0,0,0,0,0,0,0,0,0,0,0,0,0,0,42,0.025625408
47,11/18/2001,84,21388,12850,5960,0,52.339573,7341.5000000,286493.0000000,0.0000363,0.0002009,-0.0006498,1-Nov,2001,0,0,7,0,0,0,0,0,0,0,0,0,0,0,0,0,0,0,0,0,43,0.025625408
48,11/25/2001,88,26596,12542,7616,0,56.336414,7350.8427730,286558.7143000,0.0000749,0.0002264,-0.0005811,1-Nov,2001,0,0,7,0,0,0,0,0,0,0,0,0,0,0,0,0,0,0,0,0,44,0.025652135
49,12/2/2001,86,16565,13609,4596,0,54.337993,7374.2001950,286723.0000000,0.0001714,0.0002903,-0.0004093,1-Dec,2001,0,0,7,0,0,0,0,0,0,0,0,0,0,0,0,0,0,0,0,0,45,0.025718899
50,12/9/2001,86,28974,14570,4452,0,54.337993,7374.2001950,286723.0000000,0.0001714,0.0002903,-0.0004093,1-Dec,2001,0,0,7,0,0,0,0,0,0,0,0,0,0,0,0,0,0,0,0,0,46,0.025718899
51,12/16/2001,86,9352,14453,4730,0,54.337993,7374.2001950,286723.0000000,0.0001714,0.0002903,-0.0004093,1-Dec,2001,0,0,7,0,0,0,0,0,0,0,0,0,0,0,0,0,0,0,0,7680,47,0.025718899
52,12/23/2001,85,0,7986,1917,0,53.338783,7374.2001950,286723.0000000,0.0001714,0.0002903,-0.0004093,1-Dec,2001,0,0,8,0,0,0,0,0,0,0,0,0,0,0,0,0,0,0,0,0,48,0.025718899
53,12/31/2001,84,0,13927,0,0,52.339573,7519.2998050,286943.0000000,0.0005825,0.0003626,0.0006248,1-Dec,2001,0,0,7,0,0,0,0,0,0,0,0,0,0,0,0,0,0,0,0,0,49,0.026204856
54,1/7/2002,80,0,4356,0,0,48.342733,7519.2998050,286943.0000000,0.0005825,0.0003626,0.0006248,2-Jan,2002,0,0,7,0,0,0,0,0,0,0,0,0,0,0,0,0,0,0,0,0,50,0.026204856
55,1/14/2002,82,0,5305,0,0,50.341153,7519.2998050,286943.0000000,0.0005825,0.0003626,0.0006248,2-Jan,2002,0,0,7,0,0,0,0,0,0,0,0,0,0,0,0,0,0,0,0,0,51,0.026204856
56,1/21/2002,82.75,0,0,0,0,51.090560,7519.2998050,286943.0000000,0.0005825,0.0003626,0.0006248,2-Jan,2002,0,0,7,0,0,0,0,0,0,0,0,0,0,0,0,0,0,0,0,0,52,0.026204856
57,1/28/2002,80.5,0,0,0,0,48.842338,7531.9282230,287063.0000000,0.0006239,0.0001482,0.0006319,2-Jan,2002,0,0,7,0,0,0,0,0,0,0,0,0,0,0,0,0,0,0,0,0,53,0.026237892
58,2/4/2002,82,0,0,0,0,50.341153,7541.3999020,287153.0000000,0.0006549,-0.0000125,0.0006372,2-Feb,2002,0,0,7,0,0,0,0,0,0,0,0,0,0,0,0,0,0,0,0,0,54,0.026262654
59,2/11/2002,78,0,0,0,0,46.344312,7541.3999020,287153.0000000,0.0006549,-0.0000125,0.0006372,2-Feb,2002,0,0,7,0,0,0,0,0,0,0,0,0,0,0,0,0,0,0,0,0,55,0.026262654
60,2/18/2002,79,0,0,0,0,47.343522,7541.3999020,287153.0000000,0.0006549,-0.0000125,0.0006372,2-Feb,2002,0,0,7,0,0,0,0,0,0,0,0,0,0,0,0,0,0,0,0,0,56,0.026262654
61,2/25/2002,80,0,0,0,0,48.342733,7547.5712890,287278.7143000,0.0006519,0.0000814,0.0005938,2-Feb,2002,0,0,7,0,0,0,0,0,0,0,0,0,0,0,0,0,0,0,0,0,57,0.026272643
62,3/4/2002,81,0,0,0,0,49.341943,7552.2001950,287373.0000000,0.0006496,0.0001519,0.0005612,2-Mar,2002,0,0,7,0,0,0,0,0,0,0,0,0,0,0,0,0,0,0,0,0,58,0.026280131
63,3/11/2002,80,0,0,0,0,48.342733,7552.2001950,287373.0000000,0.0006496,0.0001519,0.0005612,2-Mar,2002,0,0,7,0,0,0,0,0,0,0,0,0,0,0,0,0,0,0,0,0,59,0.026280131
64,3/18/2002,79,0,0,0,0,47.343522,7552.2001950,287373.0000000,0.0006496,0.0001519,0.0005612,2-Mar,2002,0,0,7,0,0,0,0,0,0,0,0,0,0,0,0,0,0,0,0,0,60,0.026280131
65,3/25/2002,79,0,0,0,0,47.343522,7555.2143550,287405.4286000,0.0006760,0.0002377,0.0004993,2-Mar,2002,0,0,7,0,0,0,0,0,0,0,0,0,0,0,0,0,0,0,0,0,61,0.026287654
66,4/1/2002,75.66666412,0,0,0,0,44.012819,7573.2998050,287600.0000000,0.0008344,0.0007527,0.0001279,2-Apr,2002,0,0,7,0,0,0,0,0,0,0,0,0,0,0,0,0,0,0,0,0,62,0.026332753
67,4/8/2002,75,0,0,0,0,43.346682,7573.2998050,287600.0000000,0.0008344,0.0007527,0.0001279,2-Apr,2002,0,0,7,0,0,0,0,0,0,0,0,0,0,0,0,0,0,0,0,0,63,0.026332753
68,4/15/2002,77,0,0,0,0,45.345102,7573.2998050,287600.0000000,0.0008344,0.0007527,0.0001279,2-Apr,2002,0,0,7,0,0,0,0,0,0,0,0,0,0,0,0,0,0,0,0,0,64,0.026332753
69,4/22/2002,77,0,0,0,0,45.345102,7573.2998050,287600.0000000,0.0008344,0.0007527,0.0001279,2-Apr,2002,0,0,7,0,0,0,0,0,0,0,0,0,0,0,0,0,0,0,0,0,65,0.026332753
70,4/29/2002,75,0,0,0,0,43.346682,7587.3574220,287803.1429000,0.0009279,0.0007441,0.0001086,2-Apr,2002,0,0,7,0,0,0,0,0,0,0,0,0,0,0,0,0,0,0,0,0,66,0.026363011
71,5/6/2002,70.5,0,0,0,0,38.850236,7589.7001950,287837.0000000,0.0009435,0.0007426,0.0001054,2-May,2002,0,0,7,0,0,0,0,0,0,0,0,0,0,0,0,0,0,0,0,0,67,0.02636805
72,5/13/2002,74.66666412,0,0,0,0,43.013609,7589.7001950,287837.0000000,0.0009435,0.0007426,0.0001054,2-May,2002,0,0,7,0,0,0,0,0,0,0,0,0,0,0,0,0,0,0,0,0,68,0.02636805
73,5/20/2002,76,0,0,0,0,44.345892,7589.7001950,287837.0000000,0.0009435,0.0007426,0.0001054,2-May,2002,0,0,7,0,0,0,0,0,0,0,0,0,0,0,0,0,0,0,0,0,69,0.02636805
74,5/27/2002,77,0,0,0,0,45.345102,7595.1000980,287942.8571000,0.0009508,0.0007116,0.0001070,2-May,2002,0,0,7,0,0,0,0,0,0,0,0,0,0,0,0,0,0,0,0,0,70,0.02637711
75,6/3/2002,73.66666412,0,0,0,0,42.014399,7602.2998050,288084.0000000,0.0009605,0.0006703,0.0001090,2-Jun,2002,0,0,7,0,0,0,0,0,0,0,0,0,0,0,0,0,0,0,0,0,71,0.026389178
76,6/10/2002,74,0,0,0,0,42.347472,7602.2998050,288084.0000000,0.0009605,0.0006703,0.0001090,2-Jun,2002,0,0,7,0,0,0,0,0,0,0,0,0,0,0,0,0,0,0,0,0,72,0.026389178
77,6/17/2002,71.83333588,0,0,0,0,40.182519,7602.2998050,288084.0000000,0.0009605,0.0006703,0.0001090,2-Jun,2002,0,0,7,0,0,0,0,0,0,0,0,0,0,0,0,0,0,0,0,0,73,0.026389178
78,6/24/2002,76,0,0,0,0,44.345892,7597.6142580,288120.1429000,0.0008819,0.0005813,0.0000820,2-Jun,2002,0,0,7,0,0,0,0,0,0,0,0,0,0,0,0,0,0,0,0,0,74,0.026369605
79,7/1/2002,76,0,0,0,0,44.345892,7569.5000000,288337.0000000,0.0004100,0.0000474,-0.0000805,2-Jul,2002,0,0,7,0,0,0,0,0,0,0,0,0,0,0,0,0,0,0,0,0,75,0.026252268
80,7/8/2002,73,0,0,0,0,41.348262,7569.5000000,288337.0000000,0.0004100,0.0000474,-0.0000805,2-Jul,2002,0,0,7,0,0,0,0,0,0,0,0,0,0,0,0,0,0,0,0,0,76,0.026252268
81,7/15/2002,68.5,0,0,0,0,36.851816,7569.5000000,288337.0000000,0.0004100,0.0000474,-0.0000805,2-Jul,2002,0,0,7,0,0,0,0,0,0,0,0,0,0,0,0,0,0,0,0,0,77,0.026252268
82,7/22/2002,67.22222137,0,0,0,0,35.575046,7569.5000000,288337.0000000,0.0004100,0.0000474,-0.0000805,2-Jul,2002,0,0,7,0,0,0,0,0,0,0,0,0,0,0,0,0,0,0,0,0,78,0.026252268
83,7/29/2002,71,0,0,0,0,39.349841,7556.5712890,288528.4286000,0.0000386,-0.0000561,-0.0001679,2-Jul,2002,0,0,7,0,0,0,0,0,0,0,0,0,0,0,0,0,0,0,0,0,79,0.026190041
84,8/5/2002,67,0,0,0,0,35.353001,7551.3999020,288605.0000000,-0.0001100,-0.0000975,-0.0002029,2-Aug,2002,0,0,7,0,0,0,0,0,0,0,0,0,0,0,0,0,0,0,0,0,80,0.026165174
85,8/12/2002,65,0,0,0,0,33.354580,7551.3999020,288605.0000000,-0.0001100,-0.0000975,-0.0002029,2-Aug,2002,0,0,7,0,0,0,0,0,0,0,0,0,0,0,0,0,0,0,0,0,81,0.026165174
86,8/19/2002,62.5,0,0,0,0,30.856555,7551.3999020,288605.0000000,-0.0001100,-0.0000975,-0.0002029,2-Aug,2002,0,0,7,0,0,0,0,0,0,0,0,0,0,0,0,0,0,0,0,0,82,0.026165174
87,8/26/2002,64,0,0,0,0,32.355370,7549.4570310,288681.2857000,-0.0000817,-0.0001161,-0.0002225,2-Aug,2002,0,0,7,52,0,0,0,0,0,0,0,0,0,0,0,0,0,0,0,0,83,0.026151529
88,9/2/2002,67,0,0,0,0,35.353001,7544.6000980,288872.0000000,-0.0000108,-0.0001627,-0.0002717,2-Sep,2002,0,0,7,56.25,0,0,0,0,0,0,0,0,0,0,0,0,0,0,0,0,84,0.02611745
89,9/9/2002,65.5,0,0,0,0,33.854185,7544.6000980,288872.0000000,-0.0000108,-0.0001627,-0.0002717,2-Sep,2002,0,0,7,62.5,0,0,0,6378,0,0,0,0,0,0,0,0,0,0,0,0,85,0.02611745
90,9/16/2002,66,0,0,0,0,34.353790,7544.6000980,288872.0000000,-0.0000108,-0.0001627,-0.0002717,2-Sep,2002,0,0,7,61,0,0,0,2368,0,0,0,0,0,0,0,0,0,0,0,0,86,0.02611745
91,9/23/2002,67.5,0,0,0,0,35.852606,7544.6000980,288872.0000000,-0.0000108,-0.0001627,-0.0002717,2-Sep,2002,0,0,7,60,0,0,0,1377,0,0,0,0,0,0,0,0,0,0,0,0,87,0.02611745
92,9/30/2002,63.5,0,0,0,0,31.855765,7559.7001950,289125.0000000,0.0005667,-0.0001859,-0.0001054,2-Sep,2002,0,0,7,57,0,0,0,0,0,0,0,0,0,0,0,0,0,0,0,0,88,0.026146824
93,10/7/2002,66,0,0,0,0,34.353790,7559.7001950,289125.0000000,0.0005667,-0.0001859,-0.0001054,2-Oct,2002,0,0,7,58,0,0,0,0,2076,0,0,0,0,0,0,0,0,0,0,0,89,0.026146824
94,10/14/2002,62,0,0,0,0,30.356950,7559.7001950,289125.0000000,0.0005667,-0.0001859,-0.0001054,2-Oct,2002,0,0,7,56,0,0,0,0,1258,0,0,0,0,0,0,0,0,0,0,0,90,0.026146824
95,10/21/2002,65,0,0,0,0,33.354580,7559.7001950,289125.0000000,0.0005667,-0.0001859,-0.0001054,2-Oct,2002,0,0,7,52,0,0,0,0,0,0,0,0,0,0,0,0,0,0,0,0,91,0.026146824
96,10/28/2002,64,0,0,0,0,32.355370,7558.8999020,289261.5714000,0.0005257,-0.0002212,-0.0000708,2-Oct,2002,0,0,7,52.5,0,0,0,0,0,0,0,0,0,0,0,0,0,0,0,0,92,0.026131712
97,11/4/2002,68,0,0,0,0,36.352211,7558.2998050,289364.0000000,0.0004950,-0.0002477,-0.0000448,2-Nov,2002,0,0,7,53.125,0,0,0,0,0,0,0,0,0,0,0,0,0,0,6158,0,93,0.026120387
98,11/11/2002,66,0,0,0,0,34.353790,7558.2998050,289364.0000000,0.0004950,-0.0002477,-0.0000448,2-Nov,2002,0,0,7,55.75,0,0,0,0,0,0,0,0,0,0,0,0,0,0,0,0,94,0.026120387
99,11/18/2002,65,0,0,0,0,33.354580,7558.2998050,289364.0000000,0.0004950,-0.0002477,-0.0000448,2-Nov,2002,0,0,7,56.5,0,0,0,0,0,0,0,0,0,0,0,0,0,0,0,0,95,0.026120387
100,11/25/2002,64,0,0,0,0,32.355370,7557.7285160,289428.8571000,0.0004604,-0.0002615,-0.0000390,2-Nov,2002,0,0,7,58,0,0,0,0,0,0,0,0,0,0,0,0,0,0,0,0,96,0.02611256
101,12/2/2002,62.5,0,0,0,0,30.856555,7556.2998050,289591.0000000,0.0003741,-0.0002962,-0.0000244,2-Dec,2002,0,0,7,57.5,0,0,0,0,0,0,0,0,0,0,0,0,0,0,0,0,97,0.026093006
102,12/9/2002,64.5,0,0,0,0,32.854975,7556.2998050,289591.0000000,0.0003741,-0.0002962,-0.0000244,2-Dec,2002,0,0,7,55,0,0,0,0,0,0,0,0,0,0,0,0,0,0,0,0,98,0.026093006
103,12/16/2002,62,0,0,0,0,30.356950,7556.2998050,289591.0000000,0.0003741,-0.0002962,-0.0000244,2-Dec,2002,0,0,7,55.5,0,0,0,0,0,0,0,0,0,0,0,0,0,0,0,0,99,0.026093006
104,12/23/2002,62.5,0,0,0,0,30.856555,7556.2998050,289591.0000000,0.0003741,-0.0002962,-0.0000244,2-Dec,2002,0,0,8,54.5,0,0,0,0,0,0,0,0,0,0,0,0,0,0,0,0,100,0.026093006
105,12/31/2002,63.5,0,0,0,0,31.855765,7583.1000980,289806.0000000,-0.0000387,-0.0000861,0.0000193,2-Dec,2002,0,0,7,55,0,0,0,0,0,0,0,0,0,0,0,0,0,0,0,0,101,0.026166126
106,1/7/2003,58,0,0,0,0,26.360109,7583.1000980,289806.0000000,-0.0000387,-0.0000861,0.0000193,3-Jan,2003,0,0,7,53,0,0,0,0,0,0,0,0,0,0,0,0,0,0,0,0,102,0.026166126
107,1/14/2003,60.5,0,0,0,0,28.858135,7583.1000980,289806.0000000,-0.0000387,-0.0000861,0.0000193,3-Jan,2003,0,0,7,51.5,0,0,0,0,0,0,0,0,0,0,0,0,0,0,0,0,103,0.026166126
108,1/21/2003,59.16666794,0,0,0,0,27.525856,7583.1000980,289806.0000000,-0.0000387,-0.0000861,0.0000193,3-Jan,2003,0,0,7,56,0,0,0,0,0,0,0,0,0,0,0,0,0,0,0,0,104,0.026166126
109,1/28/2003,61.5,0,0,0,0,29.857345,7586.3002930,289924.2857000,-0.0000714,-0.0000360,0.0000348,3-Jan,2003,0,0,7,57.5,0,0,0,0,0,0,0,0,0,0,0,0,0,0,0,0,105,0.026166487
110,2/4/2003,62.5,0,0,0,0,30.856555,7588.7001950,290013.0000000,-0.0000959,0.0000016,0.0000464,3-Feb,2003,0,0,7,61,0,0,0,0,0,21968,0,0,0,0,0,0,0,0,0,0,106,0.026166759
111,2/11/2003,54,0,0,0,0,22.363269,7588.7001950,290013.0000000,-0.0000959,0.0000016,0.0000464,3-Feb,2003,0,0,7,51.5,0,0,0,0,0,3952,0,0,0,0,0,0,0,0,0,0,107,0.026166759
112,2/18/2003,58,0,0,0,0,26.360109,7588.7001950,290013.0000000,-0.0000959,0.0000016,0.0000464,3-Feb,2003,0,0,7,53.5,0,0,0,0,0,1896,0,0,0,0,0,0,0,0,0,0,108,0.026166759
113,2/25/2003,59.5,0,0,0,0,27.858925,7596.1289060,290135.8571000,-0.0000914,0.0000434,0.0000765,3-Feb,2003,0,0,7,53.5,0,0,0,0,0,1599,0,0,0,0,0,0,0,0,0,0,109,0.026181282
114,3/4/2003,56.75,0,0,0,0,25.111097,7601.7001950,290228.0000000,-0.0000880,0.0000747,0.0000992,3-Mar,2003,0,0,7,53.5,0,0,0,0,0,1914,0,0,0,0,0,0,0,0,0,0,110,0.026192166
115,3/11/2003,59.5,0,0,0,0,27.858925,7601.7001950,290228.0000000,-0.0000880,0.0000747,0.0000992,3-Mar,2003,0,0,7,57.75,0,0,0,0,0,0,0,0,0,0,0,0,0,0,0,0,111,0.026192166
116,3/18/2003,67.83333588,0,0,0,18462,36.196394,7601.7001950,290228.0000000,-0.0000880,0.0000747,0.0000992,3-Mar,2003,0,45,7,70.08333588,45,1.653212547,0,0,0,0,0,0,0,0,0,0,0,0,0,0,112,0.026192166
117,3/25/2003,70.33333588,0,0,0,25752,38.683704,7606.0146480,290259.8571000,-0.0000835,0.0000825,0.0001007,3-Mar,2003,0,22,7,69.8125,67,1.826074839,0,0,0,0,0,0,0,0,0,0,0,0,0,0,113,0.026204156
118,4/1/2003,69.33333588,0,0,0,22960,37.684494,7631.8999020,290451.0000000,-0.0000567,0.0001292,0.0001099,3-Apr,2003,0,50,7,73.5,117,2.068185806,0,0,0,0,0,0,0,0,0,0,0,0,0,0,114,0.026276033
119,4/8/2003,73.16667175,0,0,0,22733,41.514802,7631.8999020,290451.0000000,-0.0000567,0.0001292,0.0001099,3-Apr,2003,0,12,7,73.5,129,2.110589743,0,0,0,0,21432,0,0,0,0,0,0,0,0,0,115,0.026276033
120,4/15/2003,74.16667175,0,0,0,18554,42.514012,7631.8999020,290451.0000000,-0.0000567,0.0001292,0.0001099,3-Apr,2003,0,5,7,76,134,2.127104759,0,0,0,0,10293,0,0,0,0,0,0,0,0,0,116,0.026276033
121,4/22/2003,68.5,0,0,0,7930,36.851816,7631.8999020,290451.0000000,-0.0000567,0.0001292,0.0001099,3-Apr,2003,0,4,7,71,138,2.139878988,0,0,0,0,9519,0,0,0,0,0,0,0,0,0,117,0.026276033
122,4/29/2003,68,0,0,0,12722,36.352211,7672.7001950,290652.4286000,0.0000352,0.0002740,0.0002315,3-Apr,2003,0,3,7,72,141,2.149219036,0,0,0,0,10189,11735,0,0,0,0,0,0,0,0,118,0.026398197
123,5/6/2003,71.5,0,0,0,8890,39.849446,7679.5000000,290686.0000000,0.0000505,0.0002982,0.0002518,3-May,2003,0,10,7,70,151,2.178977013,0,0,0,0,7471,1397,0,0,0,0,0,0,0,0,119,0.026418541
124,5/13/2003,69.5,0,0,0,12101,37.851026,7679.5000000,290686.0000000,0.0000505,0.0002982,0.0002518,3-May,2003,0,10,7,68,161,2.206825972,0,0,0,0,2812,0,0,0,0,0,0,0,0,0,120,0.026418541
125,5/20/2003,66,0,0,0,9417,34.353790,7679.5000000,290686.0000000,0.0000505,0.0002982,0.0002518,3-May,2003,0,9,7,66,170,2.230448961,0,0,0,0,5230,0,1350,0,0,0,0,0,0,0,121,0.026418541
126,5/27/2003,64,0,0,0,5943,32.355370,7689.1430660,290790.1429000,0.0000651,0.0003336,0.0002646,3-May,2003,0,7,7,65,177,2.247973204,0,0,0,0,3283,0,0,0,0,0,0,0,0,0,122,0.026442241
127,6/3/2003,62,0,0,0,9855,30.356950,7702.0000000,290929.0000000,0.0000846,0.0003808,0.0002816,3-Jun,2003,0,7,7,64,184,2.264817715,0,0,0,0,2267,0,0,0,0,0,0,0,0,0,123,0.026473813
128,6/10/2003,63,0,0,0,4525,31.356160,7702.0000000,290929.0000000,0.0000846,0.0003808,0.0002816,3-Jun,2003,0,7,7,63,191,2.281033278,0,0,0,0,3111,0,0,0,0,0,0,0,0,0,124,0.026473813
129,6/17/2003,68,0,0,0,7058,36.352211,7702.0000000,290929.0000000,0.0000846,0.0003808,0.0002816,3-Jun,2003,0,5,7,67,196,2.292256117,0,0,0,0,3263,0,0,0,0,0,0,0,0,0,125,0.026473813
130,6/24/2003,61,0,0,0,2603,29.357740,7717.9428710,290964.7143000,0.0001557,0.0004219,0.0003212,3-Jun,2003,0,10,7,60,206,2.313867331,0,0,0,0,1941,0,0,0,0,0,0,0,0,0,126,0.026525358
131,7/1/2003,59,0,0,0,0,27.359319,7813.6000980,291179.0000000,0.0005821,0.0006682,0.0005583,3-Jul,2003,0,9,7,58,215,2.332438469,0,0,0,0,0,0,0,0,0,0,0,0,0,0,127,0.026834354
132,7/8/2003,60,0,0,0,0,28.358530,7813.6000980,291179.0000000,0.0005821,0.0006682,0.0005583,3-Jul,2003,0,10,7,56.33333206,225,2.352182627,0,0,0,0,0,0,0,709,0,0,0,0,0,0,128,0.026834354
133,7/15/2003,59,0,0,0,0,27.359319,7813.6000980,291179.0000000,0.0005821,0.0006682,0.0005583,3-Jul,2003,0,11,7,57,236,2.37291193,0,0,0,0,0,0,0,0,0,0,0,0,0,0,129,0.026834354
134,7/22/2003,58,0,0,0,0,26.360109,7813.6000980,291179.0000000,0.0005821,0.0006682,0.0005583,3-Jul,2003,0,13,7,59,249,2.396199465,0,0,0,0,0,0,0,0,0,0,0,0,0,0,130,0.026834354
135,7/29/2003,53,0,0,0,0,21.364059,7854.8139650,291369.7143000,0.0007681,0.0007916,0.0005804,3-Jul,2003,0,6,7,58,255,2.406540155,0,0,0,0,0,0,0,0,0,0,0,0,0,0,131,0.026958238
136,8/5/2003,56,0,0,0,0,24.361689,7871.2998050,291446.0000000,0.0008426,0.0008410,0.0005892,3-Aug,2003,0,14,7,57,269,2.42975235,0,0,0,0,0,0,0,0,0,0,0,0,0,0,132,0.027007747
137,8/12/2003,56.5,0,0,0,0,24.861294,7871.2998050,291446.0000000,0.0008426,0.0008410,0.0005892,3-Aug,2003,0,4,7,56,273,2.43616271,0,0,0,0,0,0,0,0,0,0,0,0,0,0,133,0.027007747
138,8/19/2003,57.5,0,0,0,0,25.860504,7871.2998050,291446.0000000,0.0008426,0.0008410,0.0005892,3-Aug,2003,0,9,7,55.66666794,282,2.450249195,0,0,0,0,0,0,0,0,4437,0,0,0,0,0,134,0.027007747
139,8/26/2003,55,0,0,0,0,23.362479,7846.3569340,291521.1429000,0.0007637,0.0007413,0.0004810,3-Aug,2003,0,9,7,52,291,2.463892937,0,0,0,0,0,0,0,0,0,0,0,0,0,0,135,0.026915224
140,9/2/2003,56,0,0,0,0,24.361689,7784.0000000,291709.0000000,0.0005667,0.0004920,0.0002103,3-Sep,2003,0,3,7,49,294,2.468347311,0,0,0,0,0,0,0,0,0,0,0,0,0,0,136,0.026684128
141,9/9/2003,54,0,0,0,0,22.363269,7784.0000000,291709.0000000,0.0005667,0.0004920,0.0002103,3-Sep,2003,0,7,7,50.375,301,2.478566408,0,0,0,0,0,0,0,0,0,0,0,0,0,0,137,0.026684128
142,9/16/2003,57,0,0,0,0,25.360899,7784.0000000,291709.0000000,0.0005667,0.0004920,0.0002103,3-Sep,2003,0,8,7,49,309,2.489958525,0,0,0,0,0,0,0,0,0,0,0,0,0,0,138,0.026684128
143,9/23/2003,52,0,0,0,0,20.364848,7784.0000000,291709.0000000,0.0005667,0.0004920,0.0002103,3-Sep,2003,0,9,7,48.5,318,2.502427101,0,0,0,0,0,0,0,0,0,0,0,0,0,0,139,0.026684128
144,9/30/2003,51,0,0,0,0,19.365638,7807.6000980,291958.0000000,0.0005954,0.0004662,-0.0000921,3-Sep,2003,0,8,7,47,326,2.513217688,0,0,0,0,0,0,0,0,0,0,0,0,0,0,140,0.026742203
145,10/7/2003,54.66666794,0,0,0,0,23.029410,7807.6000980,291958.0000000,0.0005954,0.0004662,-0.0000921,3-Oct,2003,0,9,7,47.33333206,335,2.525044918,0,0,0,0,0,0,0,0,0,0,0,0,0,0,141,0.026742203
146,10/14/2003,52,0,0,0,0,20.364848,7807.6000980,291958.0000000,0.0005954,0.0004662,-0.0000921,3-Oct,2003,0,8,7,49,343,2.535294056,0,0,0,0,0,0,0,0,0,0,0,0,0,0,142,0.026742203
147,10/21/2003,53,0,0,0,0,21.364059,7807.6000980,291958.0000000,0.0005954,0.0004662,-0.0000921,3-Oct,2003,0,16,7,47.5,359,2.555094481,0,0,0,0,0,0,0,0,0,0,0,0,0,0,143,0.026742203
148,10/28/2003,53,0,0,0,0,21.364059,7838.0571290,292093.4286000,0.0007023,0.0004766,-0.0000994,3-Oct,2003,0,22,7,47,381,2.580924988,0,0,0,0,0,0,0,0,0,0,0,0,0,0,144,0.026834076
149,11/4/2003,54,0,0,0,0,22.363269,7860.8999020,292195.0000000,0.0007825,0.0004844,-0.0001048,3-Nov,2003,0,18,7,43.5,399,2.600972891,0,0,0,0,0,0,0,0,0,0,0,0,0,0,145,0.026902923
150,11/11/2003,51.16666794,0,0,0,0,19.532175,7860.8999020,292195.0000000,0.0007825,0.0004844,-0.0001048,3-Nov,2003,0,27,7,46,426,2.629409552,0,0,0,0,0,0,0,0,0,2374,0,0,0,0,146,0.026902923
151,11/18/2003,51.725,0,0,0,0,20.090066,7860.8999020,292195.0000000,0.0007825,0.0004844,-0.0001048,3-Nov,2003,0,11,7,47,437,2.640481472,0,0,0,0,0,0,0,0,0,993,0,0,0,0,147,0.026902923
152,11/25/2003,52.125,0,0,0,0,20.489750,7866.3857420,292258.7143000,0.0008033,0.0004815,0.0000005,3-Nov,2003,0,9,7,48.5,446,2.649334908,0,0,0,0,0,0,0,0,0,0,0,0,0,0,148,0.02691583
153,12/2/2003,54,0,0,0,0,22.363269,7880.1000980,292418.0000000,0.0008551,0.0004743,0.0002639,3-Dec,2003,0,6,7,50,452,2.655138493,0,0,0,0,0,0,0,0,0,0,0,0,0,0,149,0.026948068
154,12/9/2003,55.5,0,0,0,0,23.862084,7880.1000980,292418.0000000,0.0008551,0.0004743,0.0002639,3-Dec,2003,0,11,7,54,463,2.665580988,0,0,0,0,0,0,0,0,0,0,19531,0,0,0,150,0.026948068
155,12/16/2003,58.5,0,0,0,0,26.859714,7880.1000980,292418.0000000,0.0008551,0.0004743,0.0002639,3-Dec,2003,0,5,7,56.66666794,468,2.670245886,0,0,0,0,0,0,0,0,0,0,3197,0,0,0,151,0.026948068
156,12/23/2003,58.725,0,0,0,0,27.084537,7880.1000980,292418.0000000,0.0008551,0.0004743,0.0002639,3-Dec,2003,0,14,8,57.75,482,2.683047056,0,0,0,0,0,0,0,0,0,0,655,0,0,0,152,0.026948068
157,12/31/2003,59,0,0,0,0,27.359319,7883.6000980,292630.0000000,0.0007744,0.0001062,0.0001983,3-Dec,2003,0,7,7,61,489,2.689308882,0,0,0,0,0,0,0,0,0,0,0,0,0,0,153,0.026940506
158,1/7/2004,57.5,0,0,0,0,25.860504,7883.6000980,292630.0000000,0.0007744,0.0001062,0.0001983,4-Jan,2004,0,11,7,54.5,500,2.698970079,0,0,0,0,0,0,0,0,0,0,0,0,0,0,154,0.026940506
159,1/14/2004,54.75,0,0,0,0,23.112676,7883.6000980,292630.0000000,0.0007744,0.0001062,0.0001983,4-Jan,2004,0,7,7,51.5,507,2.70500803,0,0,0,0,0,0,0,0,0,0,0,0,0,0,155,0.026940506
160,1/21/2004,51,0,0,0,0,19.365638,7883.6000980,292630.0000000,0.0007744,0.0001062,0.0001983,4-Jan,2004,0,17,7,48,524,2.719331264,0,0,0,0,0,0,0,0,0,0,0,0,0,0,156,0.026940506
161,1/28/2004,49,0,0,0,0,17.367218,7892.3999020,292747.7143000,0.0007932,0.0000263,0.0001257,4-Jan,2004,0,8,7,46,532,2.725911617,0,0,0,0,0,0,0,0,0,0,0,0,0,0,157,0.026959732
162,2/4/2004,51,0,0,0,0,19.365638,7899.0000000,292836.0000000,0.0008074,-0.0000336,0.0000712,4-Feb,2004,0,7,7,47,539,2.73158884,0,0,0,0,0,0,0,0,0,0,0,0,0,0,158,0.026974142
163,2/11/2004,50,0,0,0,0,18.366428,7899.0000000,292836.0000000,0.0008074,-0.0000336,0.0000712,4-Feb,2004,0,5,7,49,544,2.735598803,0,0,0,0,0,0,0,0,0,0,0,0,0,0,159,0.026974142
164,2/18/2004,48.5,0,0,0,0,16.867613,7899.0000000,292836.0000000,0.0008074,-0.0000336,0.0000712,4-Feb,2004,0,5,7,45,549,2.739572287,0,0,0,0,0,0,0,0,0,0,0,0,0,0,160,0.026974142
165,2/25/2004,47,0,0,0,0,15.368798,7903.0283200,292927.2857000,0.0008018,0.0001104,0.0000572,4-Feb,2004,0,1,7,45,550,2.740362644,0,0,0,0,0,0,0,0,0,0,0,0,0,0,161,0.026979489
166,3/3/2004,49.5,0,0,0,0,17.866823,7908.3999020,293049.0000000,0.0007944,0.0003025,0.0000385,4-Mar,2004,0,8,7,46,558,2.746634245,0,0,0,0,0,0,0,0,0,0,0,0,0,0,162,0.026986612
167,3/10/2004,50.5,0,0,0,0,18.866033,7908.3999020,293049.0000000,0.0007944,0.0003025,0.0000385,4-Mar,2004,0,13,7,48,571,2.756636143,0,0,0,0,0,0,0,0,0,0,0,0,0,0,163,0.026986612
168,3/17/2004,46,0,0,0,0,14.369588,7908.3999020,293049.0000000,0.0007944,0.0003025,0.0000385,4-Mar,2004,0,16,7,48,587,2.768638134,0,0,0,0,0,0,0,0,0,0,0,0,0,0,164,0.026986612
169,3/24/2004,50,0,0,0,0,18.366428,7908.3999020,293049.0000000,0.0007944,0.0003025,0.0000385,4-Mar,2004,0,14,7,47.5,601,2.778874397,0,0,0,0,0,0,0,0,0,0,0,0,0,0,165,0.026986612
170,3/31/2004,46,0,0,0,0,14.369588,7937.8999020,293270.0000000,0.0007908,0.0003247,0.0001264,4-Mar,2004,0,41,7,42,642,2.807534933,0,0,0,0,0,0,0,0,0,0,0,0,0,0,166,0.027066866
171,4/7/2004,50.5,0,0,0,0,18.866033,7937.8999020,293270.0000000,0.0007908,0.0003247,0.0001264,4-Apr,2004,0,45,7,44,687,2.836956739,0,0,0,0,0,0,0,0,0,0,0,0,0,0,167,0.027066866
172,4/14/2004,51.5,0,0,0,0,19.865243,7937.8999020,293270.0000000,0.0007908,0.0003247,0.0001264,4-Apr,2004,0,19,7,45.25,706,2.848804712,0,0,0,0,0,0,0,0,0,0,0,0,0,0,168,0.027066866
173,4/21/2004,47,0,0,0,0,15.368798,7937.8999020,293270.0000000,0.0007908,0.0003247,0.0001264,4-Apr,2004,0,19,7,42.5,725,2.860337973,0,0,0,0,0,0,0,0,0,0,0,0,0,0,169,0.027066866
174,4/28/2004,49,0,0,0,0,17.367218,7944.6855470,293435.0000000,0.0006969,0.0002178,0.0001102,4-Apr,2004,0,38,7,42,763,2.88252449,0,0,0,0,0,0,0,0,0,0,0,7086,0,0,170,0.027074771
175,5/5/2004,44.5,0,0,0,0,12.870772,7947.3999020,293501.0000000,0.0006594,0.0001750,0.0001038,4-May,2004,0,11,7,40,774,2.888741016,0,0,0,0,0,0,0,0,0,0,0,9305,0,0,171,0.027077932
176,5/12/2004,46,0,0,0,0,14.369588,7947.3999020,293501.0000000,0.0006594,0.0001750,0.0001038,4-May,2004,0,18,7,35,792,2.898725271,0,0,0,0,0,0,0,0,0,0,0,9049,0,0,172,0.027077932
177,5/19/2004,45,0,0,0,0,13.370377,7947.3999020,293501.0000000,0.0006594,0.0001750,0.0001038,4-May,2004,0,17,7,37,809,2.907948494,0,0,0,0,0,0,0,0,0,0,0,8992,0,0,173,0.027077932
178,5/26/2004,47,0,0,0,0,15.368798,7947.5429690,293570.1429000,0.0006377,0.0001562,0.0000943,4-May,2004,0,13,7,38,822,2.914871931,0,0,0,0,0,0,0,0,0,0,0,8344,0,0,174,0.02707204
179,6/2/2004,49.33333206,0,0,0,0,17.700287,7947.8999020,293743.0000000,0.0005835,0.0001093,0.0000707,4-Jun,2004,0,14,7,42,836,2.922206163,0,0,0,0,0,0,0,0,0,0,0,6796,0,0,175,0.027057325
180,6/9/2004,48,0,0,0,0,16.368008,7947.8999020,293743.0000000,0.0005835,0.0001093,0.0000707,4-Jun,2004,0,5,7,,841,2.924796104,0,0,0,0,0,0,0,0,0,0,0,8608,0,0,176,0.027057325
181,6/16/2004,47.5,0,0,0,0,15.868403,7947.8999020,293743.0000000,0.0005835,0.0001093,0.0000707,4-Jun,2004,0,11,7,43.75,852,2.930439711,0,0,0,0,0,0,0,0,0,0,0,8236,0,0,177,0.027057325
182,6/23/2004,42,0,0,0,0,10.372747,7947.8999020,293743.0000000,0.0005835,0.0001093,0.0000707,4-Jun,2004,0,11,7,36,863,2.936010838,0,0,0,0,0,0,0,0,0,0,0,6555,0,0,178,0.027057325
183,6/30/2004,44,0,0,0,0,12.371167,7965.1000980,293996.0000000,0.0002582,0.0001520,0.0000257,4-Jun,2004,0,15,7,36.5,878,2.943494558,0,0,0,0,0,0,0,0,0,0,0,0,0,0,179,0.027092546
184,7/7/2004,47.5,0,0,0,0,15.868403,7965.1000980,293996.0000000,0.0002582,0.0001520,0.0000257,4-Jul,2004,0,19,7,36.732,897,2.952792406,0,0,0,0,0,0,0,0,0,0,0,0,0,0,180,0.027092546
185,7/14/2004,46.66666794,0,0,0,0,15.035729,7965.1000980,293996.0000000,0.0002582,0.0001520,0.0000257,4-Jul,2004,0,11,7,37,908,2.958085775,0,0,0,0,0,0,0,0,0,0,0,0,0,0,181,0.027092546
186,7/21/2004,50,0,0,0,0,18.366428,7965.1000980,293996.0000000,0.0002582,0.0001520,0.0000257,4-Jul,2004,0,8,7,39,916,2.961895466,0,0,0,0,0,0,0,0,0,0,0,0,0,0,182,0.027092546
187,7/28/2004,46.66666412,0,0,0,0,15.035725,7981.6142580,294149.1429000,0.0002011,0.0001748,0.0000614,4-Jul,2004,0,11,7,39.5,927,2.967079639,0,0,0,0,0,0,0,0,0,0,0,0,0,0,183,0.027134582
188,8/4/2004,47.16666794,0,0,0,0,15.535334,7994.0000000,294264.0000000,0.0001583,0.0001919,0.0000881,4-Aug,2004,0,13,7,40,940,2.973127842,0,0,0,0,0,0,0,0,0,0,0,0,0,0,184,0.027166082
189,8/11/2004,46,0,0,0,0,14.369588,7994.0000000,294264.0000000,0.0001583,0.0001919,0.0000881,4-Aug,2004,0,18,7,42,958,2.981365442,0,0,0,0,0,0,0,0,0,0,0,0,0,0,185,0.027166082
190,8/18/2004,49,0,0,0,0,17.367218,7994.0000000,294264.0000000,0.0001583,0.0001919,0.0000881,4-Aug,2004,0,17,7,44,975,2.989004612,0,0,0,0,0,0,0,0,0,0,0,0,0,0,186,0.027166082
191,8/25/2004,50,0,0,0,0,18.366428,7994.0000000,294264.0000000,0.0001583,0.0001919,0.0000881,4-Aug,2004,0,9,7,46,984,2.992995024,0,0,0,0,0,0,0,0,0,0,0,0,0,0,187,0.027166082
192,9/1/2004,51.5,0,0,0,0,19.865243,0.0000000,0.0000000,0.0000000,0.0000000,0.0000000,4-Sep,2004,0,29,7,45,1013,3.005609512,0,0,0,0,0,0,0,0,0,0,0,0,0,0,188,
193,9/8/2004,52,0,0,0,0,20.364848,0.0000000,0.0000000,0.0000000,0.0000000,0.0000000,4-Sep,2004,0,19,7,46,1032,3.013679743,0,0,0,0,0,0,0,0,0,0,0,0,0,0,189,
194,9/15/2004,49,0,0,0,0,17.367218,0.0000000,0.0000000,0.0000000,0.0000000,0.0000000,4-Sep,2004,0,14,7,46,1046,3.019531727,0,0,0,0,0,0,0,0,0,0,0,0,0,0,190,
195,9/22/2004,52,0,0,0,0,20.364848,0.0000000,0.0000000,0.0000000,0.0000000,0.0000000,4-Sep,2004,0,14,7,47,1060,3.025305748,0,0,0,0,0,0,0,0,0,0,0,0,0,0,191,
196,9/29/2004,48.5,0,0,0,0,16.867613,0.0000000,0.0000000,0.0000000,0.0000000,0.0000000,4-Sep,2004,0,11,7,47,1071,3.029789448,0,0,0,0,0,0,0,0,0,0,0,0,0,0,192,
197,10/6/2004,45,0,0,0,0,13.370377,0.0000000,0.0000000,0.0000000,0.0000000,0.0000000,4-Oct,2004,0,19,7,45,1090,3.037426472,0,0,0,0,0,0,0,0,0,0,0,0,0,0,193,
198,10/13/2004,45,0,0,0,0,13.370377,0.0000000,0.0000000,0.0000000,0.0000000,0.0000000,4-Oct,2004,0,4,1,45,1094,3.039017439,0,0,0,0,0,0,0,0,0,0,0,0,0,0,194,
