week,early,bd,nn,approve,adj_app,iraq,rdpi,pop,rdpipcly,rdpipclh,rdpipclq,totbd,l10tbd,month,year,date,wtc,afghan,sfafghan,kabul,bushun,congress,powell,iraqwar,baghdad,mission,unoccupy,igc,unhq,italian,saddam,prisoner,uniraq,karzai,obs,rdpipc
5,1,0,1,57.00,57,0,7279.399902,284266,0.000320021,-6.32E-05,1.86E-05,0,0,1-Feb,2001,2/3/2001,0,0,0,0,0,0,0,0,0,0,0,0,0,0,0,0,0,0,1,0.025607705
6,1,0,7,57.00,57,0,7279.399902,284266,0.000320021,-6.32E-05,1.86E-05,0,0,1-Feb,2001,2/4/2001,0,0,0,0,0,0,0,0,0,0,0,0,0,0,0,0,0,0,2,0.025607705
7,1,0,7,53.00,53,0,7279.399902,284266,0.000320021,-6.32E-05,1.86E-05,0,0,1-Feb,2001,2/11/2001,0,0,0,0,0,0,0,0,0,0,0,0,0,0,0,0,0,0,3,0.025607705
8,1,0,7,54.00,54,0,7279.399902,284266,0.000320021,-6.32E-05,1.86E-05,0,0,1-Feb,2001,2/18/2001,0,0,0,0,0,0,0,0,0,0,0,0,0,0,0,0,0,0,4,0.025607705
9,1,0,7,55.00,55,0,7286.256836,284388.8571,0.000306052,-3.11E-05,5.54E-05,0,0,1-Feb,2001,2/25/2001,0,0,0,0,0,0,0,0,0,0,0,0,0,0,0,0,0,0,5,0.025620753
10,1,0,7,60.50,60.5,0,7291.399902,284481,0.000295576,-7.10E-06,8.30E-05,0,0,1-Mar,2001,3/4/2001,0,0,0,0,0,0,0,0,0,0,0,0,0,0,0,0,0,0,6,0.025630534
11,1,0,7,60.00,60,0,7291.399902,284481,0.000295576,-7.10E-06,8.30E-05,0,0,1-Mar,2001,3/11/2001,0,0,0,0,0,0,0,0,0,0,0,0,0,0,0,0,0,0,7,0.025630534
12,1,0,7,58.00,58,0,7291.399902,284481,0.000295576,-7.10E-06,8.30E-05,0,0,1-Mar,2001,3/18/2001,0,0,0,0,0,0,0,0,0,0,0,0,0,0,0,0,0,0,8,0.025630534
13,1,0,7,53.00,53,0,7286.856934,284513.4286,0.000277577,-2.96E-05,5.34E-05,0,0,1-Mar,2001,3/25/2001,0,0,0,0,0,0,0,0,0,0,0,0,0,0,0,0,0,0,9,0.025611645
14,1,0,7,56.00,56,0,7259.600098,284708,0.000169586,-0.000164846,-0.000123935,0,0,1-Apr,2001,4/1/2001,0,0,0,0,0,0,0,0,0,0,0,0,0,0,0,0,0,0,10,0.025498405
15,1,0,7,57.00,57,0,7259.600098,284708,0.000169586,-0.000164846,-0.000123935,0,0,1-Apr,2001,4/8/2001,0,0,0,0,0,0,0,0,0,0,0,0,0,0,0,0,0,0,11,0.025498405
16,1,0,7,60.33,60.33333206,0,7259.600098,284708,0.000169586,-0.000164846,-0.000123935,0,0,1-Apr,2001,4/15/2001,0,0,0,0,0,0,0,0,0,0,0,0,0,0,0,0,0,0,12,0.025498405
17,1,0,7,56.00,56,0,7259.600098,284708,0.000169586,-0.000164846,-0.000123935,0,0,1-Apr,2001,4/22/2001,0,0,0,0,0,0,0,0,0,0,0,0,0,0,0,0,0,0,13,0.025498405
18,1,0,7,56.00,56,0,7246.828613,284914.5714,5.26E-05,-0.000164562,-0.000174696,0,0,1-Apr,2001,4/29/2001,0,0,0,0,0,0,0,0,0,0,0,0,0,0,0,0,0,0,14,0.025435094
19,1,0,7,55.00,55,0,7244.700195,284949,3.31E-05,-0.000164514,-0.000183156,0,0,1-May,2001,5/6/2001,0,0,0,0,0,0,0,0,0,0,0,0,0,0,0,0,0,0,15,0.025424551
20,1,0,7,53.00,53,0,7244.700195,284949,3.31E-05,-0.000164514,-0.000183156,0,0,1-May,2001,5/13/2001,0,0,0,0,0,0,0,0,0,0,0,0,0,0,0,0,0,0,16,0.025424551
21,1,0,7,54.00,54,0,7244.700195,284949,3.31E-05,-0.000164514,-0.000183156,0,0,1-May,2001,5/20/2001,0,0,0,0,0,0,0,0,0,0,0,0,0,0,0,0,0,0,17,0.025424551
22,1,0,7,55.00,55,0,7247.914551,285055.7143,2.25E-05,-0.000144957,-0.000191182,0,0,1-May,2001,5/27/2001,0,0,0,0,0,0,0,0,0,0,0,0,0,0,0,0,0,0,18,0.025426308
23,1,0,7,55.00,55,0,7252.200195,285198,8.48E-06,-0.000118881,-0.000201885,0,0,1-Jun,2001,6/3/2001,0,0,0,0,0,0,0,0,0,0,0,0,0,0,0,0,0,0,19,0.025428651
24,1,0,7,52.50,52.5,0,7252.200195,285198,8.48E-06,-0.000118881,-0.000201885,0,0,1-Jun,2001,6/10/2001,0,0,0,0,0,0,0,0,0,0,0,0,0,0,0,0,0,0,20,0.025428651
25,1,0,7,56.00,56,0,7252.200195,285198,8.48E-06,-0.000118881,-0.000201885,0,0,1-Jun,2001,6/17/2001,0,0,0,0,0,0,0,0,0,0,0,0,0,0,0,0,0,0,21,0.025428651
26,1,0,7,52.00,52,0,7270,285234.7143,4.27E-05,-7.05E-05,-0.000123923,0,0,1-Jun,2001,6/24/2001,0,0,0,0,0,0,0,0,0,0,0,0,0,0,0,0,0,0,22,0.025487781
27,1,0,7,51.00,51,0,7376.799805,285455,0.000247965,0.000219911,0.000343846,0,0,1-Jul,2001,7/1/2001,0,0,0,0,0,0,0,0,0,0,0,0,0,0,0,0,0,0,23,0.025842251
28,1,0,7,50.50,50.5,0,7376.799805,285455,0.000247965,0.000219911,0.000343846,0,0,1-Jul,2001,7/8/2001,0,0,0,0,0,0,0,0,0,0,0,0,0,0,0,0,0,0,24,0.025842251
29,1,0,7,54.00,54,0,7376.799805,285455,0.000247965,0.000219911,0.000343846,0,0,1-Jul,2001,7/15/2001,0,0,0,0,0,0,0,0,0,0,0,0,0,0,0,0,0,0,25,0.025842251
30,0,0,7,54.00,54,0,7376.799805,285455,0.000247965,0.000219911,0.000343846,0,0,1-Jul,2001,7/22/2001,0,0,0,0,0,0,0,0,0,0,0,0,0,0,0,0,0,0,26,0.025842251
31,0,0,7,55.00,55,0,7470.157227,285648.5714,0.000502483,0.000539594,0.00070583,0,0,1-Jul,2001,7/29/2001,0,0,0,0,0,0,0,0,0,0,0,0,0,0,0,0,0,0,27,0.026151566
32,0,0,7,53.50,53.5,0,7507.5,285726,0.000604291,0.000667468,0.000850623,0,0,1-Aug,2001,8/5/2001,0,0,0,0,0,0,0,0,0,0,0,0,0,0,0,0,0,0,28,0.026275173
33,0,0,7,57.00,57,0,7507.5,285726,0.000604291,0.000667468,0.000850623,0,0,1-Aug,2001,8/12/2001,0,0,0,0,0,0,0,0,0,0,0,0,0,0,0,0,0,0,29,0.026275173
34,0,0,7,51.00,51,0,7507.5,285726,0.000604291,0.000667468,0.000850623,0,0,1-Aug,2001,8/19/2001,0,0,0,0,0,0,0,0,0,0,0,0,0,0,0,0,0,0,30,0.026275173
35,0,0,7,53.00,53,0,7497.528809,285803.4286,0.00057181,0.000618966,0.000807473,0,0,1-Aug,2001,8/26/2001,0,0,0,0,0,0,0,0,0,0,0,0,0,0,0,0,0,0,31,0.026233166
36,0,0,7,55.00,55,0,7472.600098,285997,0.000490608,0.000497712,0.000699596,0,0,1-Sep,2001,9/2/2001,0,0,0,0,0,0,0,0,0,0,0,0,0,0,0,0,0,0,32,0.026128246
37,0,0,7,83.00,51.34036302,0,7472.600098,285997,0.000490608,0.000497712,0.000699596,0,0,1-Sep,2001,9/9/2001,64825,0,0,0,0,0,0,0,0,0,0,0,0,0,0,0,0,0,33,0.026128246
38,0,0,7,86.33,54.67106605,0,7472.600098,285997,0.000490608,0.000497712,0.000699596,0,0,1-Sep,2001,9/16/2001,21164,0,0,0,0,0,0,0,0,0,0,0,0,0,0,0,0,0,34,0.026128246
39,0,0,7,88.00,56.33641376,0,7472.600098,285997,0.000490608,0.000497712,0.000699596,0,0,1-Sep,2001,9/23/2001,23154,0,0,0,0,0,0,0,0,0,0,0,0,0,0,0,0,0,35,0.026128246
40,0,0,7,85.50,53.83838839,0,7322.399902,286254,-8.32E-05,8.17E-05,-0.000262173,0,0,1-Sep,2001,9/30/2001,25167,0,0,0,0,0,0,0,0,0,0,0,0,0,0,0,0,0,36,0.025580078
41,0,0,7,90.00,58.33483405,0,7322.399902,286254,-8.32E-05,8.17E-05,-0.000262173,0,0,1-Oct,2001,10/7/2001,30569,21555,0,0,0,0,0,0,0,0,0,0,0,0,0,0,0,0,37,0.025580078
42,0,0,7,88.00,56.33641376,0,7322.399902,286254,-8.32E-05,8.17E-05,-0.000262173,0,0,1-Oct,2001,10/14/2001,18181,16518,5714,0,0,0,0,0,0,0,0,0,0,0,0,0,0,0,38,0.025580078
43,0,0,7,87.00,55.33720361,0,7322.399902,286254,-8.32E-05,8.17E-05,-0.000262173,0,0,1-Oct,2001,10/21/2001,26729,19279,2228,0,0,0,0,0,0,0,0,0,0,0,0,0,0,0,39,0.025580078
44,0,0,7,87.00,55.33720361,0,7333.314453,286390.5714,-1.49E-05,0.000149779,-0.000483654,0,0,1-Oct,2001,10/28/2001,22920,12008,1048,0,0,0,0,0,0,0,0,0,0,0,0,0,0,0,40,0.025605991
45,0,0,7,88.00,56.33641376,0,7341.5,286493,3.63E-05,0.000200858,-0.000649765,0,0,1-Nov,2001,11/4/2001,12982,11564,0,0,0,0,0,0,0,0,0,0,0,0,0,0,0,0,41,0.025625408
46,0,0,7,85.00,53.33878331,0,7341.5,286493,3.63E-05,0.000200858,-0.000649765,0,0,1-Nov,2001,11/11/2001,21430,11690,0,13302,0,0,0,0,0,0,0,0,0,0,0,0,0,0,42,0.025625408
47,0,0,7,84.00,52.33957316,0,7341.5,286493,3.63E-05,0.000200858,-0.000649765,0,0,1-Nov,2001,11/18/2001,21388,12850,0,5960,0,0,0,0,0,0,0,0,0,0,0,0,0,0,43,0.025625408
48,0,0,7,88.00,56.33641376,0,7350.842773,286558.7143,7.49E-05,0.000226399,-0.000581074,0,0,1-Nov,2001,11/25/2001,26596,12542,0,7616,0,0,0,0,0,0,0,0,0,0,0,0,0,0,44,0.025652135
49,0,0,7,86.00,54.33799346,0,7374.200195,286723,0.000171369,0.00029025,-0.000409346,0,0,1-Dec,2001,12/2/2001,16565,13609,0,4596,0,0,0,0,0,0,0,0,0,0,0,0,0,0,45,0.025718899
50,0,0,7,86.00,54.33799346,0,7374.200195,286723,0.000171369,0.00029025,-0.000409346,0,0,1-Dec,2001,12/9/2001,28974,14570,0,4452,0,0,0,0,0,0,0,0,0,0,0,0,0,0,46,0.025718899
51,0,0,7,86.00,54.33799346,0,7374.200195,286723,0.000171369,0.00029025,-0.000409346,0,0,1-Dec,2001,12/16/2001,9352,14453,0,4730,0,0,0,0,0,0,0,0,0,0,0,0,0,7680,47,0.025718899
52,0,0,8,85.00,53.33878331,0,7374.200195,286723,0.000171369,0.00029025,-0.000409346,0,0,1-Dec,2001,12/23/2001,0,7986,0,1917,0,0,0,0,0,0,0,0,0,0,0,0,0,0,48,0.025718899
53,0,0,7,84.00,52.33957316,0,7519.299805,286943,0.000582516,0.000362605,0.000624778,0,0,1-Dec,2001,12/31/2001,0,13927,0,0,0,0,0,0,0,0,0,0,0,0,0,0,0,0,49,0.026204856
54,0,0,7,80.00,48.34273257,0,7519.299805,286943,0.000582516,0.000362605,0.000624778,0,0,2-Jan,2002,1/7/2002,0,4356,0,0,0,0,0,0,0,0,0,0,0,0,0,0,0,0,50,0.026204856
55,0,0,7,82.00,50.34115287,0,7519.299805,286943,0.000582516,0.000362605,0.000624778,0,0,2-Jan,2002,1/14/2002,0,5305,0,0,0,0,0,0,0,0,0,0,0,0,0,0,0,0,51,0.026204856
56,0,0,7,82.75,51.09056048,0,7519.299805,286943,0.000582516,0.000362605,0.000624778,0,0,2-Jan,2002,1/21/2002,0,0,0,0,0,0,0,0,0,0,0,0,0,0,0,0,0,0,52,0.026204856
57,0,0,7,80.50,48.84233765,0,7531.928223,287063,0.000623906,0.000148248,0.000631903,0,0,2-Jan,2002,1/28/2002,0,0,0,0,0,0,0,0,0,0,0,0,0,0,0,0,0,0,53,0.026237892
58,0,0,7,82.00,50.34115287,0,7541.399902,287153,0.000654949,-1.25E-05,0.000637246,0,0,2-Feb,2002,2/4/2002,0,0,0,0,0,0,0,0,0,0,0,0,0,0,0,0,0,0,54,0.026262654
59,0,0,7,78.00,46.34431228,0,7541.399902,287153,0.000654949,-1.25E-05,0.000637246,0,0,2-Feb,2002,2/11/2002,0,0,0,0,0,0,0,0,0,0,0,0,0,0,0,0,0,0,55,0.026262654
60,0,0,7,79.00,47.34352242,0,7541.399902,287153,0.000654949,-1.25E-05,0.000637246,0,0,2-Feb,2002,2/18/2002,0,0,0,0,0,0,0,0,0,0,0,0,0,0,0,0,0,0,56,0.026262654
61,0,0,7,80.00,48.34273257,0,7547.571289,287278.7143,0.000651891,8.14E-05,0.000593809,0,0,2-Feb,2002,2/25/2002,0,0,0,0,0,0,0,0,0,0,0,0,0,0,0,0,0,0,57,0.026272643
62,0,0,7,81.00,49.34194272,0,7552.200195,287373,0.000649597,0.000151886,0.000561232,0,0,2-Mar,2002,3/4/2002,0,0,0,0,0,0,0,0,0,0,0,0,0,0,0,0,0,0,58,0.026280131
63,0,0,7,80.00,48.34273257,0,7552.200195,287373,0.000649597,0.000151886,0.000561232,0,0,2-Mar,2002,3/11/2002,0,0,0,0,0,0,0,0,0,0,0,0,0,0,0,0,0,0,59,0.026280131
64,0,0,7,79.00,47.34352242,0,7552.200195,287373,0.000649597,0.000151886,0.000561232,0,0,2-Mar,2002,3/18/2002,0,0,0,0,0,0,0,0,0,0,0,0,0,0,0,0,0,0,60,0.026280131
65,0,0,7,79.00,47.34352242,0,7555.214355,287405.4286,0.000675991,0.000237713,0.000499327,0,0,2-Mar,2002,3/25/2002,0,0,0,0,0,0,0,0,0,0,0,0,0,0,0,0,0,0,61,0.026287654
66,0,0,7,75.67,44.01281939,0,7573.299805,287600,0.00083435,0.000752676,0.000127899,0,0,2-Apr,2002,4/1/2002,0,0,0,0,0,0,0,0,0,0,0,0,0,0,0,0,0,0,62,0.026332753
67,0,0,7,75.00,43.34668183,0,7573.299805,287600,0.00083435,0.000752676,0.000127899,0,0,2-Apr,2002,4/8/2002,0,0,0,0,0,0,0,0,0,0,0,0,0,0,0,0,0,0,63,0.026332753
68,0,0,7,77.00,45.34510213,0,7573.299805,287600,0.00083435,0.000752676,0.000127899,0,0,2-Apr,2002,4/15/2002,0,0,0,0,0,0,0,0,0,0,0,0,0,0,0,0,0,0,64,0.026332753
69,0,0,7,77.00,45.34510213,0,7573.299805,287600,0.00083435,0.000752676,0.000127899,0,0,2-Apr,2002,4/22/2002,0,0,0,0,0,0,0,0,0,0,0,0,0,0,0,0,0,0,65,0.026332753
70,0,0,7,75.00,43.34668183,0,7587.357422,287803.1429,0.000927906,0.000744074,0.000108609,0,0,2-Apr,2002,4/29/2002,0,0,0,0,0,0,0,0,0,0,0,0,0,0,0,0,0,0,66,0.026363011
71,0,0,7,70.50,38.85023617,0,7589.700195,287837,0.000943499,0.00074264,0.000105394,0,0,2-May,2002,5/6/2002,0,0,0,0,0,0,0,0,0,0,0,0,0,0,0,0,0,0,67,0.02636805
72,0,0,7,74.67,43.01360924,0,7589.700195,287837,0.000943499,0.00074264,0.000105394,0,0,2-May,2002,5/13/2002,0,0,0,0,0,0,0,0,0,0,0,0,0,0,0,0,0,0,68,0.02636805
73,0,0,7,76.00,44.34589198,0,7589.700195,287837,0.000943499,0.00074264,0.000105394,0,0,2-May,2002,5/20/2002,0,0,0,0,0,0,0,0,0,0,0,0,0,0,0,0,0,0,69,0.02636805
74,0,0,7,77.00,45.34510213,0,7595.100098,287942.8571,0.000950797,0.000711628,0.000106959,0,0,2-May,2002,5/27/2002,0,0,0,0,0,0,0,0,0,0,0,0,0,0,0,0,0,0,70,0.02637711
75,0,0,7,73.67,42.01439909,0,7602.299805,288084,0.000960529,0.000670278,0.000109047,0,0,2-Jun,2002,6/3/2002,0,0,0,0,0,0,0,0,0,0,0,0,0,0,0,0,0,0,71,0.026389178
76,0,0,7,74.00,42.34747168,0,7602.299805,288084,0.000960529,0.000670278,0.000109047,0,0,2-Jun,2002,6/10/2002,0,0,0,0,0,0,0,0,0,0,0,0,0,0,0,0,0,0,72,0.026389178
77,0,0,7,71.83,40.18251891,0,7602.299805,288084,0.000960529,0.000670278,0.000109047,0,0,2-Jun,2002,6/17/2002,0,0,0,0,0,0,0,0,0,0,0,0,0,0,0,0,0,0,73,0.026389178
78,0,0,7,76.00,44.34589198,0,7597.614258,288120.1429,0.000881884,0.000581297,8.20E-05,0,0,2-Jun,2002,6/24/2002,0,0,0,0,0,0,0,0,0,0,0,0,0,0,0,0,0,0,74,0.026369605
79,0,0,7,76.00,44.34589198,0,7569.5,288337,0.000410017,4.74E-05,-8.05E-05,0,0,2-Jul,2002,7/1/2002,0,0,0,0,0,0,0,0,0,0,0,0,0,0,0,0,0,0,75,0.026252268
80,0,0,7,73.00,41.34826154,0,7569.5,288337,0.000410017,4.74E-05,-8.05E-05,0,0,2-Jul,2002,7/8/2002,0,0,0,0,0,0,0,0,0,0,0,0,0,0,0,0,0,0,76,0.026252268
81,0,0,7,68.50,36.85181587,0,7569.5,288337,0.000410017,4.74E-05,-8.05E-05,0,0,2-Jul,2002,7/15/2002,0,0,0,0,0,0,0,0,0,0,0,0,0,0,0,0,0,0,77,0.026252268
82,0,0,7,67.22,35.5750465,0,7569.5,288337,0.000410017,4.74E-05,-8.05E-05,0,0,2-Jul,2002,7/22/2002,0,0,0,0,0,0,0,0,0,0,0,0,0,0,0,0,0,0,78,0.026252268
83,0,0,7,71.00,39.34984124,0,7556.571289,288528.4286,3.86E-05,-5.61E-05,-0.000167906,0,0,2-Jul,2002,7/29/2002,0,0,0,0,0,0,0,0,0,0,0,0,0,0,0,0,0,0,79,0.026190041
84,0,0,7,67.00,35.35300065,0,7551.399902,288605,-0.000109999,-9.75E-05,-0.000202874,0,0,2-Aug,2002,8/5/2002,0,0,0,0,0,0,0,0,0,0,0,0,0,0,0,0,0,0,80,0.026165174
85,0,0,7,65.00,33.35458035,0,7551.399902,288605,-0.000109999,-9.75E-05,-0.000202874,0,0,2-Aug,2002,8/12/2002,0,0,0,0,0,0,0,0,0,0,0,0,0,0,0,0,0,0,81,0.026165174
86,0,0,7,62.50,30.85655498,0,7551.399902,288605,-0.000109999,-9.75E-05,-0.000202874,0,0,2-Aug,2002,8/19/2002,0,0,0,0,0,0,0,0,0,0,0,0,0,0,0,0,0,0,82,0.026165174
87,0,0,7,64.00,32.3553702,52,7549.457031,288681.2857,-8.17E-05,-0.000116109,-0.000222546,0,0,2-Aug,2002,8/26/2002,0,0,0,0,0,0,0,0,0,0,0,0,0,0,0,0,0,0,83,0.026151529
88,0,0,7,67.00,35.35300065,56.25,7544.600098,288872,-1.08E-05,-0.000162682,-0.000271728,0,0,2-Sep,2002,9/2/2002,0,0,0,0,0,0,0,0,0,0,0,0,0,0,0,0,0,0,84,0.02611745
89,0,0,7,65.50,33.85418543,62.5,7544.600098,288872,-1.08E-05,-0.000162682,-0.000271728,0,0,2-Sep,2002,9/9/2002,0,0,0,0,6378,0,0,0,0,0,0,0,0,0,0,0,0,0,85,0.02611745
90,0,0,7,66.00,34.3537905,61,7544.600098,288872,-1.08E-05,-0.000162682,-0.000271728,0,0,2-Sep,2002,9/16/2002,0,0,0,0,2368,0,0,0,0,0,0,0,0,0,0,0,0,0,86,0.02611745
91,0,0,7,67.50,35.85260572,60,7544.600098,288872,-1.08E-05,-0.000162682,-0.000271728,0,0,2-Sep,2002,9/23/2002,0,0,0,0,1377,0,0,0,0,0,0,0,0,0,0,0,0,0,87,0.02611745
92,0,0,7,63.50,31.85576513,57,7559.700195,289125,0.000566743,-0.000185933,-0.000105446,0,0,2-Sep,2002,9/30/2002,0,0,0,0,0,0,0,0,0,0,0,0,0,0,0,0,0,0,88,0.026146824
93,0,0,7,66.00,34.3537905,58,7559.700195,289125,0.000566743,-0.000185933,-0.000105446,0,0,2-Oct,2002,10/7/2002,0,0,0,0,0,2076,0,0,0,0,0,0,0,0,0,0,0,0,89,0.026146824
94,0,0,7,62.00,30.35694991,56,7559.700195,289125,0.000566743,-0.000185933,-0.000105446,0,0,2-Oct,2002,10/14/2002,0,0,0,0,0,1258,0,0,0,0,0,0,0,0,0,0,0,0,90,0.026146824
95,0,0,7,65.00,33.35458035,52,7559.700195,289125,0.000566743,-0.000185933,-0.000105446,0,0,2-Oct,2002,10/21/2002,0,0,0,0,0,0,0,0,0,0,0,0,0,0,0,0,0,0,91,0.026146824
96,0,0,7,64.00,32.3553702,52.5,7558.899902,289261.5714,0.000525736,-0.000221205,-7.08E-05,0,0,2-Oct,2002,10/28/2002,0,0,0,0,0,0,0,0,0,0,0,0,0,0,0,0,0,0,92,0.026131712
97,0,0,7,68.00,36.3522108,53.125,7558.299805,289364,0.000494981,-0.000247659,-4.48E-05,0,0,2-Nov,2002,11/4/2002,0,0,0,0,0,0,0,0,0,0,0,0,0,0,0,0,6158,0,93,0.026120387
98,0,0,7,66.00,34.3537905,55.75,7558.299805,289364,0.000494981,-0.000247659,-4.48E-05,0,0,2-Nov,2002,11/11/2002,0,0,0,0,0,0,0,0,0,0,0,0,0,0,0,0,0,0,94,0.026120387
99,0,0,7,65.00,33.35458035,56.5,7558.299805,289364,0.000494981,-0.000247659,-4.48E-05,0,0,2-Nov,2002,11/18/2002,0,0,0,0,0,0,0,0,0,0,0,0,0,0,0,0,0,0,95,0.026120387
100,0,0,7,64.00,32.3553702,58,7557.728516,289428.8571,0.000460446,-0.00026152,-3.90E-05,0,0,2-Nov,2002,11/25/2002,0,0,0,0,0,0,0,0,0,0,0,0,0,0,0,0,0,0,96,0.02611256
101,0,0,7,62.50,30.85655498,57.5,7556.299805,289591,0.000374107,-0.000296172,-2.44E-05,0,0,2-Dec,2002,12/2/2002,0,0,0,0,0,0,0,0,0,0,0,0,0,0,0,0,0,0,97,0.026093006
102,0,0,7,64.50,32.85497528,55,7556.299805,289591,0.000374107,-0.000296172,-2.44E-05,0,0,2-Dec,2002,12/9/2002,0,0,0,0,0,0,0,0,0,0,0,0,0,0,0,0,0,0,98,0.026093006
103,0,0,7,62.00,30.35694991,55.5,7556.299805,289591,0.000374107,-0.000296172,-2.44E-05,0,0,2-Dec,2002,12/16/2002,0,0,0,0,0,0,0,0,0,0,0,0,0,0,0,0,0,0,99,0.026093006
104,0,0,8,62.50,30.85655498,54.5,7556.299805,289591,0.000374107,-0.000296172,-2.44E-05,0,0,2-Dec,2002,12/23/2002,0,0,0,0,0,0,0,0,0,0,0,0,0,0,0,0,0,0,100,0.026093006
105,0,0,7,63.50,31.85576513,55,7583.100098,289806,-3.87E-05,-8.61E-05,1.93E-05,0,0,2-Dec,2002,12/31/2002,0,0,0,0,0,0,0,0,0,0,0,0,0,0,0,0,0,0,101,0.026166126
106,0,0,7,58.00,26.36010932,53,7583.100098,289806,-3.87E-05,-8.61E-05,1.93E-05,0,0,3-Jan,2003,1/7/2003,0,0,0,0,0,0,0,0,0,0,0,0,0,0,0,0,0,0,102,0.026166126
107,0,0,7,60.50,28.85813469,51.5,7583.100098,289806,-3.87E-05,-8.61E-05,1.93E-05,0,0,3-Jan,2003,1/14/2003,0,0,0,0,0,0,0,0,0,0,0,0,0,0,0,0,0,0,103,0.026166126
108,0,0,7,59.17,27.52585576,56,7583.100098,289806,-3.87E-05,-8.61E-05,1.93E-05,0,0,3-Jan,2003,1/21/2003,0,0,0,0,0,0,0,0,0,0,0,0,0,0,0,0,0,0,104,0.026166126
109,0,0,7,61.50,29.85734483,57.5,7586.300293,289924.2857,-7.14E-05,-3.60E-05,3.48E-05,0,0,3-Jan,2003,1/28/2003,0,0,0,0,0,0,0,0,0,0,0,0,0,0,0,0,0,0,105,0.026166487
110,0,0,7,62.50,30.85655498,61,7588.700195,290013,-9.59E-05,1.58E-06,4.64E-05,0,0,3-Feb,2003,2/4/2003,0,0,0,0,0,0,21968,0,0,0,0,0,0,0,0,0,0,0,106,0.026166759
111,0,0,7,54.00,22.36326872,51.5,7588.700195,290013,-9.59E-05,1.58E-06,4.64E-05,0,0,3-Feb,2003,2/11/2003,0,0,0,0,0,0,3952,0,0,0,0,0,0,0,0,0,0,0,107,0.026166759
112,0,0,7,58.00,26.36010932,53.5,7588.700195,290013,-9.59E-05,1.58E-06,4.64E-05,0,0,3-Feb,2003,2/18/2003,0,0,0,0,0,0,1896,0,0,0,0,0,0,0,0,0,0,0,108,0.026166759
113,0,0,7,59.50,27.85892454,53.5,7596.128906,290135.8571,-9.14E-05,4.34E-05,7.65E-05,0,0,3-Feb,2003,2/25/2003,0,0,0,0,0,0,1599,0,0,0,0,0,0,0,0,0,0,0,109,0.026181282
114,0,0,7,56.75,25.11109663,53.5,7601.700195,290228,-8.80E-05,7.47E-05,9.92E-05,0,0,3-Mar,2003,3/4/2003,0,0,0,0,0,0,1914,0,0,0,0,0,0,0,0,0,0,0,110,0.026192166
115,0,0,7,59.50,27.85892454,57.75,7601.700195,290228,-8.80E-05,7.47E-05,9.92E-05,0,0,3-Mar,2003,3/11/2003,0,0,0,0,0,0,0,0,0,0,0,0,0,0,0,0,0,0,111,0.026192166
116,0,45,7,67.83,36.19639397,70.08333588,7601.700195,290228,-8.80E-05,7.47E-05,9.92E-05,45,1.653212547,3-Mar,2003,3/18/2003,0,0,0,0,0,0,0,18462,0,0,0,0,0,0,0,0,0,0,112,0.026192166
117,0,22,7,70.33,38.68370369,69.8125,7606.014648,290259.8571,-8.35E-05,8.25E-05,0.000100695,67,1.826074839,3-Mar,2003,3/25/2003,0,0,0,0,0,0,0,25752,0,0,0,0,0,0,0,0,0,0,113,0.026204156
118,0,50,7,69.33,37.68449354,73.5,7631.899902,290451,-5.67E-05,0.000129212,0.000109909,117,2.068185806,3-Apr,2003,4/1/2003,0,0,0,0,0,0,0,22960,0,0,0,0,0,0,0,0,0,0,114,0.026276033
119,0,12,7,73.17,41.51480164,73.5,7631.899902,290451,-5.67E-05,0.000129212,0.000109909,129,2.110589743,3-Apr,2003,4/8/2003,0,0,0,0,0,0,0,22733,21432,0,0,0,0,0,0,0,0,0,115,0.026276033
120,0,5,7,74.17,42.51401179,76,7631.899902,290451,-5.67E-05,0.000129212,0.000109909,134,2.127104759,3-Apr,2003,4/15/2003,0,0,0,0,0,0,0,18554,10293,0,0,0,0,0,0,0,0,0,116,0.026276033
121,0,4,7,68.50,36.85181587,71,7631.899902,290451,-5.67E-05,0.000129212,0.000109909,138,2.139878988,3-Apr,2003,4/22/2003,0,0,0,0,0,0,0,7930,9519,0,0,0,0,0,0,0,0,0,117,0.026276033
122,0,3,7,68.00,36.3522108,72,7672.700195,290652.4286,3.52E-05,0.000274017,0.000231515,141,2.149219036,3-Apr,2003,4/29/2003,0,0,0,0,0,0,0,12722,10189,11735,0,0,0,0,0,0,0,0,118,0.026398197
123,0,10,7,71.50,39.84944631,70,7679.5,290686,5.05E-05,0.000298152,0.000251783,151,2.178977013,3-May,2003,5/6/2003,0,0,0,0,0,0,0,8890,7471,1397,0,0,0,0,0,0,0,0,119,0.026418541
124,0,10,7,69.50,37.85102602,68,7679.5,290686,5.05E-05,0.000298152,0.000251783,161,2.206825972,3-May,2003,5/13/2003,0,0,0,0,0,0,0,12101,2812,0,0,0,0,0,0,0,0,0,120,0.026418541
125,0,9,7,66.00,34.3537905,66,7679.5,290686,5.05E-05,0.000298152,0.000251783,170,2.230448961,3-May,2003,5/20/2003,0,0,0,0,0,0,0,9417,5230,0,1350,0,0,0,0,0,0,0,121,0.026418541
126,0,7,7,64.00,32.3553702,65,7689.143066,290790.1429,6.51E-05,0.000333575,0.000264582,177,2.247973204,3-May,2003,5/27/2003,0,0,0,0,0,0,0,5943,3283,0,0,0,0,0,0,0,0,0,122,0.026442241
127,0,7,7,62.00,30.35694991,64,7702,290929,8.46E-05,0.000380807,0.000281647,184,2.264817715,3-Jun,2003,6/3/2003,0,0,0,0,0,0,0,9855,2267,0,0,0,0,0,0,0,0,0,123,0.026473813
128,0,7,7,63.00,31.35616006,63,7702,290929,8.46E-05,0.000380807,0.000281647,191,2.281033278,3-Jun,2003,6/10/2003,0,0,0,0,0,0,0,4525,3111,0,0,0,0,0,0,0,0,0,124,0.026473813
129,0,5,7,68.00,36.3522108,67,7702,290929,8.46E-05,0.000380807,0.000281647,196,2.292256117,3-Jun,2003,6/17/2003,0,0,0,0,0,0,0,7058,3263,0,0,0,0,0,0,0,0,0,125,0.026473813
130,0,10,7,61.00,29.35773976,60,7717.942871,290964.7143,0.000155699,0.000421867,0.000321171,206,2.313867331,3-Jun,2003,6/24/2003,0,0,0,0,0,0,0,2603,1941,0,0,0,0,0,0,0,0,0,126,0.026525358
131,0,9,7,59.00,27.35931946,58,7813.600098,291179,0.000582084,0.000668228,0.000558319,215,2.332438469,3-Jul,2003,7/1/2003,0,0,0,0,0,0,0,0,0,0,0,0,0,0,0,0,0,0,127,0.026834354
132,0,10,7,60.00,28.35852961,56.33333206,7813.600098,291179,0.000582084,0.000668228,0.000558319,225,2.352182627,3-Jul,2003,7/8/2003,0,0,0,0,0,0,0,0,0,0,0,709,0,0,0,0,0,0,128,0.026834354
133,0,11,7,59.00,27.35931946,57,7813.600098,291179,0.000582084,0.000668228,0.000558319,236,2.37291193,3-Jul,2003,7/15/2003,0,0,0,0,0,0,0,0,0,0,0,0,0,0,0,0,0,0,129,0.026834354
134,0,13,7,58.00,26.36010932,59,7813.600098,291179,0.000582084,0.000668228,0.000558319,249,2.396199465,3-Jul,2003,7/22/2003,0,0,0,0,0,0,0,0,0,0,0,0,0,0,0,0,0,0,130,0.026834354
135,0,6,7,53.00,21.36405858,58,7854.813965,291369.7143,0.000768148,0.000791629,0.000580382,255,2.406540155,3-Jul,2003,7/29/2003,0,0,0,0,0,0,0,0,0,0,0,0,0,0,0,0,0,0,131,0.026958238
136,0,14,7,56.00,24.36168902,57,7871.299805,291446,0.000842573,0.00084099,0.000589207,269,2.42975235,3-Aug,2003,8/5/2003,0,0,0,0,0,0,0,0,0,0,0,0,0,0,0,0,0,0,132,0.027007747
137,0,4,7,56.50,24.86129409,56,7871.299805,291446,0.000842573,0.00084099,0.000589207,273,2.43616271,3-Aug,2003,8/12/2003,0,0,0,0,0,0,0,0,0,0,0,0,0,0,0,0,0,0,133,0.027007747
138,0,9,7,57.50,25.86050424,55.66666794,7871.299805,291446,0.000842573,0.00084099,0.000589207,282,2.450249195,3-Aug,2003,8/19/2003,0,0,0,0,0,0,0,0,0,0,0,0,4437,0,0,0,0,0,134,0.027007747
139,0,9,7,55.00,23.36247887,52,7846.356934,291521.1429,0.000763746,0.000741268,0.000480952,291,2.463892937,3-Aug,2003,8/26/2003,0,0,0,0,0,0,0,0,0,0,0,0,0,0,0,0,0,0,135,0.026915224
140,0,3,7,56.00,24.36168902,49,7784,291709,0.000566678,0.000491962,0.000210315,294,2.468347311,3-Sep,2003,9/2/2003,0,0,0,0,0,0,0,0,0,0,0,0,0,0,0,0,0,0,136,0.026684128
141,0,7,7,54.00,22.36326872,50.375,7784,291709,0.000566678,0.000491962,0.000210315,301,2.478566408,3-Sep,2003,9/9/2003,0,0,0,0,0,0,0,0,0,0,0,0,0,0,0,0,0,0,137,0.026684128
142,0,8,7,57.00,25.36089917,49,7784,291709,0.000566678,0.000491962,0.000210315,309,2.489958525,3-Sep,2003,9/16/2003,0,0,0,0,0,0,0,0,0,0,0,0,0,0,0,0,0,0,138,0.026684128
143,0,9,7,52.00,20.36484843,48.5,7784,291709,0.000566678,0.000491962,0.000210315,318,2.502427101,3-Sep,2003,9/23/2003,0,0,0,0,0,0,0,0,0,0,0,0,0,0,0,0,0,0,139,0.026684128
144,0,8,7,51.00,19.36563828,47,7807.600098,291958,0.000595381,0.00046617,-9.21E-05,326,2.513217688,3-Sep,2003,9/30/2003,0,0,0,0,0,0,0,0,0,0,0,0,0,0,0,0,0,0,140,0.026742203
145,0,9,7,54.67,23.02941009,47.33333206,7807.600098,291958,0.000595381,0.00046617,-9.21E-05,335,2.525044918,3-Oct,2003,10/7/2003,0,0,0,0,0,0,0,0,0,0,0,0,0,0,0,0,0,0,141,0.026742203
146,0,8,7,52.00,20.36484843,49,7807.600098,291958,0.000595381,0.00046617,-9.21E-05,343,2.535294056,3-Oct,2003,10/14/2003,0,0,0,0,0,0,0,0,0,0,0,0,0,0,0,0,0,0,142,0.026742203
147,0,16,7,53.00,21.36405858,47.5,7807.600098,291958,0.000595381,0.00046617,-9.21E-05,359,2.555094481,3-Oct,2003,10/21/2003,0,0,0,0,0,0,0,0,0,0,0,0,0,0,0,0,0,0,143,0.026742203
148,0,22,7,53.00,21.36405858,47,7838.057129,292093.4286,0.000702327,0.000476578,-9.94E-05,381,2.580924988,3-Oct,2003,10/28/2003,0,0,0,0,0,0,0,0,0,0,0,0,0,0,0,0,0,0,144,0.026834076
149,0,18,7,54.00,22.36326872,43.5,7860.899902,292195,0.000782536,0.000484385,-0.000104822,399,2.600972891,3-Nov,2003,11/4/2003,0,0,0,0,0,0,0,0,0,0,0,0,0,0,0,0,0,0,145,0.026902923
150,0,27,7,51.17,19.53217458,46,7860.899902,292195,0.000782536,0.000484385,-0.000104822,426,2.629409552,3-Nov,2003,11/11/2003,0,0,0,0,0,0,0,0,0,0,0,0,0,2374,0,0,0,0,146,0.026902923
151,0,11,7,51.73,20.09006564,47,7860.899902,292195,0.000782536,0.000484385,-0.000104822,437,2.640481472,3-Nov,2003,11/18/2003,0,0,0,0,0,0,0,0,0,0,0,0,0,993,0,0,0,0,147,0.026902923
152,0,9,7,52.13,20.4897497,48.5,7866.385742,292258.7143,0.000803258,0.000481491,5.39E-07,446,2.649334908,3-Nov,2003,11/25/2003,0,0,0,0,0,0,0,0,0,0,0,0,0,0,0,0,0,0,148,0.02691583
153,0,6,7,54.00,22.36326872,50,7880.100098,292418,0.000855062,0.000474256,0.000263941,452,2.655138493,3-Dec,2003,12/2/2003,0,0,0,0,0,0,0,0,0,0,0,0,0,0,0,0,0,0,149,0.026948068
154,0,11,7,55.50,23.86208395,54,7880.100098,292418,0.000855062,0.000474256,0.000263941,463,2.665580988,3-Dec,2003,12/9/2003,0,0,0,0,0,0,0,0,0,0,0,0,0,0,19531,0,0,0,150,0.026948068
155,0,5,7,58.50,26.85971439,56.66666794,7880.100098,292418,0.000855062,0.000474256,0.000263941,468,2.670245886,3-Dec,2003,12/16/2003,0,0,0,0,0,0,0,0,0,0,0,0,0,0,3197,0,0,0,151,0.026948068
156,0,14,8,58.73,27.08453667,57.75,7880.100098,292418,0.000855062,0.000474256,0.000263941,482,2.683047056,3-Dec,2003,12/23/2003,0,0,0,0,0,0,0,0,0,0,0,0,0,0,655,0,0,0,152,0.026948068
157,0,7,7,59.00,27.35931946,61,7883.600098,292630,0.000774382,0.000106154,0.000198303,489,2.689308882,3-Dec,2003,12/31/2003,0,0,0,0,0,0,0,0,0,0,0,0,0,0,0,0,0,0,153,0.026940506
158,0,11,7,57.50,25.86050424,54.5,7883.600098,292630,0.000774382,0.000106154,0.000198303,500,2.698970079,4-Jan,2004,1/7/2004,0,0,0,0,0,0,0,0,0,0,0,0,0,0,0,0,0,0,154,0.026940506
159,0,7,7,54.75,23.11267633,51.5,7883.600098,292630,0.000774382,0.000106154,0.000198303,507,2.70500803,4-Jan,2004,1/14/2004,0,0,0,0,0,0,0,0,0,0,0,0,0,0,0,0,0,0,155,0.026940506
160,0,17,7,51.00,19.36563828,48,7883.600098,292630,0.000774382,0.000106154,0.000198303,524,2.719331264,4-Jan,2004,1/21/2004,0,0,0,0,0,0,0,0,0,0,0,0,0,0,0,0,0,0,156,0.026940506
161,0,8,7,49.00,17.36721798,46,7892.399902,292747.7143,0.00079324,2.63E-05,0.000125682,532,2.725911617,4-Jan,2004,1/28/2004,0,0,0,0,0,0,0,0,0,0,0,0,0,0,0,0,0,0,157,0.026959732
162,0,7,7,51.00,19.36563828,47,7899,292836,0.000807384,-3.36E-05,7.12E-05,539,2.73158884,4-Feb,2004,2/4/2004,0,0,0,0,0,0,0,0,0,0,0,0,0,0,0,0,0,0,158,0.026974142
163,0,5,7,50.00,18.36642813,49,7899,292836,0.000807384,-3.36E-05,7.12E-05,544,2.735598803,4-Feb,2004,2/11/2004,0,0,0,0,0,0,0,0,0,0,0,0,0,0,0,0,0,0,159,0.026974142
164,0,5,7,48.50,16.86761291,45,7899,292836,0.000807384,-3.36E-05,7.12E-05,549,2.739572287,4-Feb,2004,2/18/2004,0,0,0,0,0,0,0,0,0,0,0,0,0,0,0,0,0,0,160,0.026974142
165,0,1,7,47.00,15.36879769,45,7903.02832,292927.2857,0.00080184,0.000110434,5.72E-05,550,2.740362644,4-Feb,2004,2/25/2004,0,0,0,0,0,0,0,0,0,0,0,0,0,0,0,0,0,0,161,0.026979489
166,0,8,7,49.50,17.86682306,46,7908.399902,293049,0.000794448,0.000302486,3.85E-05,558,2.746634245,4-Mar,2004,3/3/2004,0,0,0,0,0,0,0,0,0,0,0,0,0,0,0,0,0,0,162,0.026986612
167,0,13,7,50.50,18.86603321,48,7908.399902,293049,0.000794448,0.000302486,3.85E-05,571,2.756636143,4-Mar,2004,3/10/2004,0,0,0,0,0,0,0,0,0,0,0,0,0,0,0,0,0,0,163,0.026986612
168,0,16,7,46.00,14.36958754,48,7908.399902,293049,0.000794448,0.000302486,3.85E-05,587,2.768638134,4-Mar,2004,3/17/2004,0,0,0,0,0,0,0,0,0,0,0,0,0,0,0,0,0,0,164,0.026986612
169,0,14,7,50.00,18.36642813,47.5,7908.399902,293049,0.000794448,0.000302486,3.85E-05,601,2.778874397,4-Mar,2004,3/24/2004,0,0,0,0,0,0,0,0,0,0,0,0,0,0,0,0,0,0,165,0.026986612
170,0,41,7,46.00,14.36958754,42,7937.899902,293270,0.000790833,0.000324663,0.00012636,642,2.807534933,4-Mar,2004,3/31/2004,0,0,0,0,0,0,0,0,0,0,0,0,0,0,0,0,0,0,166,0.027066866
171,0,45,7,50.50,18.86603321,44,7937.899902,293270,0.000790833,0.000324663,0.00012636,687,2.836956739,4-Apr,2004,4/7/2004,0,0,0,0,0,0,0,0,0,0,0,0,0,0,0,0,0,0,167,0.027066866
172,0,19,7,51.50,19.86524335,45.25,7937.899902,293270,0.000790833,0.000324663,0.00012636,706,2.848804712,4-Apr,2004,4/14/2004,0,0,0,0,0,0,0,0,0,0,0,0,0,0,0,0,0,0,168,0.027066866
173,0,19,7,47.00,15.36879769,42.5,7937.899902,293270,0.000790833,0.000324663,0.00012636,725,2.860337973,4-Apr,2004,4/21/2004,0,0,0,0,0,0,0,0,0,0,0,0,0,0,0,0,0,0,169,0.027066866
174,0,38,7,49.00,17.36721798,42,7944.685547,293435,0.000696946,0.000217766,0.000110239,763,2.88252449,4-Apr,2004,4/28/2004,0,0,0,0,0,0,0,0,0,0,0,0,0,0,0,7086,0,0,170,0.027074771
175,0,11,7,44.50,12.87077232,40,7947.399902,293501,0.000659391,0.000175007,0.00010379,774,2.888741016,4-May,2004,5/5/2004,0,0,0,0,0,0,0,0,0,0,0,0,0,0,0,9305,0,0,171,0.027077932
176,0,18,7,46.00,14.36958754,35,7947.399902,293501,0.000659391,0.000175007,0.00010379,792,2.898725271,4-May,2004,5/12/2004,0,0,0,0,0,0,0,0,0,0,0,0,0,0,0,9049,0,0,172,0.027077932
177,0,17,7,45.00,13.37037739,37,7947.399902,293501,0.000659391,0.000175007,0.00010379,809,2.907948494,4-May,2004,5/19/2004,0,0,0,0,0,0,0,0,0,0,0,0,0,0,0,8992,0,0,173,0.027077932
178,0,13,7,47.00,15.36879769,38,7947.542969,293570.1429,0.000637712,0.000156221,9.43E-05,822,2.914871931,4-May,2004,5/26/2004,0,0,0,0,0,0,0,0,0,0,0,0,0,0,0,8344,0,0,174,0.02707204
179,0,14,7,49.33,17.70028676,42,7947.899902,293743,0.000583513,0.000109257,7.07E-05,836,2.922206163,4-Jun,2004,6/2/2004,0,0,0,0,0,0,0,0,0,0,0,0,0,0,0,6796,0,0,175,0.027057325
180,0,5,7,48.00,16.36800784,,7947.899902,293743,0.000583513,0.000109257,7.07E-05,841,2.924796104,4-Jun,2004,6/9/2004,0,0,0,0,0,0,0,0,0,0,0,0,0,0,0,8608,0,0,176,0.027057325
181,0,11,7,47.50,15.86840276,43.75,7947.899902,293743,0.000583513,0.000109257,7.07E-05,852,2.930439711,4-Jun,2004,6/16/2004,0,0,0,0,0,0,0,0,0,0,0,0,0,0,0,8236,0,0,177,0.027057325
182,0,11,7,42.00,10.37274695,36,7947.899902,293743,0.000583513,0.000109257,7.07E-05,863,2.936010838,4-Jun,2004,6/23/2004,0,0,0,0,0,0,0,0,0,0,0,0,0,0,0,6555,0,0,178,0.027057325
183,0,15,7,44.00,12.37116724,36.5,7965.100098,293996,0.000258194,0.00015204,2.57E-05,878,2.943494558,4-Jun,2004,6/30/2004,0,0,0,0,0,0,0,0,0,0,0,0,0,0,0,0,0,0,179,0.027092546
184,0,19,7,47.50,15.86840276,36.732,7965.100098,293996,0.000258194,0.00015204,2.57E-05,897,2.952792406,4-Jul,2004,7/7/2004,0,0,0,0,0,0,0,0,0,0,0,0,0,0,0,0,0,0,180,0.027092546
185,0,11,7,46.67,15.03572891,37,7965.100098,293996,0.000258194,0.00015204,2.57E-05,908,2.958085775,4-Jul,2004,7/14/2004,0,0,0,0,0,0,0,0,0,0,0,0,0,0,0,0,0,0,181,0.027092546
186,0,8,7,50.00,18.36642813,39,7965.100098,293996,0.000258194,0.00015204,2.57E-05,916,2.961895466,4-Jul,2004,7/21/2004,0,0,0,0,0,0,0,0,0,0,0,0,0,0,0,0,0,0,182,0.027092546
187,0,11,7,46.67,15.03572509,39.5,7981.614258,294149.1429,0.000201131,0.00017484,6.14E-05,927,2.967079639,4-Jul,2004,7/28/2004,0,0,0,0,0,0,0,0,0,0,0,0,0,0,0,0,0,0,183,0.027134582
188,0,13,7,47.17,15.53533398,40,7994,294264,0.000158334,0.00019194,8.81E-05,940,2.973127842,4-Aug,2004,8/4/2004,0,0,0,0,0,0,0,0,0,0,0,0,0,0,0,0,0,0,184,0.027166082
189,0,18,7,46.00,14.36958754,42,7994,294264,0.000158334,0.00019194,8.81E-05,958,2.981365442,4-Aug,2004,8/11/2004,0,0,0,0,0,0,0,0,0,0,0,0,0,0,0,0,0,0,185,0.027166082
190,0,17,7,49.00,17.36721798,44,7994,294264,0.000158334,0.00019194,8.81E-05,975,2.989004612,4-Aug,2004,8/18/2004,0,0,0,0,0,0,0,0,0,0,0,0,0,0,0,0,0,0,186,0.027166082
191,0,9,7,50.00,18.36642813,46,7994,294264,0.000158334,0.00019194,8.81E-05,984,2.992995024,4-Aug,2004,8/25/2004,0,0,0,0,0,0,0,0,0,0,0,0,0,0,0,0,0,0,187,0.027166082
192,0,29,7,51.50,19.86524335,45,0,0,0,0,0,1013,3.005609512,4-Sep,2004,9/1/2004,0,0,0,0,0,0,0,0,0,0,0,0,0,0,0,0,0,0,188,
193,0,19,7,52.00,20.36484843,46,0,0,0,0,0,1032,3.013679743,4-Sep,2004,9/8/2004,0,0,0,0,0,0,0,0,0,0,0,0,0,0,0,0,0,0,189,
194,0,14,7,49.00,17.36721798,46,0,0,0,0,0,1046,3.019531727,4-Sep,2004,9/15/2004,0,0,0,0,0,0,0,0,0,0,0,0,0,0,0,0,0,0,190,
195,0,14,7,52.00,20.36484843,47,0,0,0,0,0,1060,3.025305748,4-Sep,2004,9/22/2004,0,0,0,0,0,0,0,0,0,0,0,0,0,0,0,0,0,0,191,
196,0,11,7,48.50,16.86761291,47,0,0,0,0,0,1071,3.029789448,4-Sep,2004,9/29/2004,0,0,0,0,0,0,0,0,0,0,0,0,0,0,0,0,0,0,192,
197,0,19,7,45.00,13.37037739,45,0,0,0,0,0,1090,3.037426472,4-Oct,2004,10/6/2004,0,0,0,0,0,0,0,0,0,0,0,0,0,0,0,0,0,0,193,
198,0,4,1,45.00,13.37037739,45,0,0,0,0,0,1094,3.039017439,4-Oct,2004,10/13/2004,0,0,0,0,0,0,0,0,0,0,0,0,0,0,0,0,0,0,194,
