pid,pid_m,pid_f,x1,x2,x3,x4,x5
925,NA,NA,0.5,0.79,0.0632,0.0588,0.175
4548,NA,NA,0.504,0.962,0.177,0.848,0.64
4632,NA,NA,0.546,0.711,0.433,0.227,0.449
6161,NA,NA,0.00771,0.608,0.796,0.647,0.264
8597,NA,NA,0.689,0.825,0.55,0.487,0.882
9326,NA,NA,0.583,0.105,0.143,0.568,0.312
12340,NA,NA,0.774,0.574,0.0277,0.286,0.0506
14982,695966,933335,0.782,0.988,0.483,0.301,0.11
19277,171707,816902,0.0583,0.954,0.547,0.644,0.338
22313,NA,NA,0.429,0.701,0.205,0.248,0.785
24690,604852,873133,0.538,0.641,0.552,0.635,0.797
27116,NA,NA,0.266,0.342,0.433,0.106,0.587
27765,NA,NA,0.118,0.964,0.878,0.552,0.339
30021,483705,775665,0.759,0.57,0.334,0.807,0.405
32266,NA,NA,0.469,0.085,0.378,0.025,0.128
32377,738811,754543,0.48,0.732,0.596,0.527,0.611
33188,NA,NA,0.0343,0.171,0.274,0.834,0.982
33857,NA,NA,0.698,0.103,0.791,0.562,0.763
34347,658675,379603,0.00255,0.779,0.88,0.0786,0.685
35252,27765,434694,0.893,0.229,0.639,0.491,0.637
43066,NA,NA,0.828,0.22,0.468,0.569,0.116
45420,NA,NA,0.539,0.0169,0.758,0.63,0.183
47595,674310,240476,0.42,0.398,0.0288,0.787,0.443
49952,260847,116630,0.431,0.963,0.536,0.213,0.375
50891,NA,NA,0.498,0.995,0.357,0.483,0.338
51032,645724,191543,0.583,0.722,0.983,0.127,0.404
51034,NA,NA,0.785,0.703,0.31,0.813,0.799
52300,NA,NA,0.9,0.732,0.966,0.0515,0.612
54580,426057,186626,0.977,0.466,0.321,0.885,0.429
59265,509094,740811,0.248,0.411,0.642,0.17,0.503
60388,NA,NA,0.333,0.754,0.963,0.872,0.228
61787,931718,295660,0.0513,0.65,0.571,0.226,0.641
65357,73688,397411,0.00267,0.549,0.318,0.109,0.192
66005,NA,NA,0.4,0.76,0.637,0.886,0.785
70561,371871,321351,0.11,0.824,0.594,0.308,0.803
71630,NA,NA,0.646,0.937,0.979,0.143,0.698
73688,NA,NA,0.404,0.162,0.117,0.972,0.032
75767,NA,NA,0.517,0.532,1,0.282,0.38
77267,NA,NA,0.0943,0.634,0.103,0.0242,0.227
77559,NA,NA,0.0275,0.376,0.53,0.511,0.399
78106,NA,NA,0.334,0.676,0.951,0.936,0.582
80306,NA,NA,0.917,0.59,0.651,0.988,0.302
85328,NA,NA,0.818,0.447,0.556,0.062,0.203
89906,NA,NA,0.421,0.148,0.613,0.165,0.363
91547,NA,NA,0.657,0.297,0.175,0.461,0.372
91979,NA,NA,0.584,0.281,0.193,0.668,0.296
95626,NA,NA,0.139,0.0346,0.0851,0.601,0.188
95751,NA,NA,0.405,0.791,0.22,0.037,0.552
96041,229362,756632,0.983,0.933,0.571,0.586,0.823
100002,435792,230869,0.958,0.763,0.115,0.118,0.746
101130,NA,NA,0.174,0.829,0.098,0.0762,0.877
101749,NA,NA,0.136,0.201,0.431,0.741,0.309
102116,953302,845815,0.916,0.12,0.779,0.726,0.216
103019,NA,NA,0.872,0.931,0.251,0.742,0.752
103768,376296,691665,0.24,0.925,0.741,0.991,0.368
104264,NA,NA,0.87,0.636,0.924,0.216,0.209
105662,NA,NA,0.786,0.896,0.011,0.926,0.5
106471,NA,NA,0.444,0.599,0.905,0.949,0.497
107449,NA,NA,0.404,0.71,0.04,0.0595,0.0315
109340,NA,NA,0.899,0.141,0.347,0.158,0.731
109531,836671,341760,0.07,0.712,0.923,0.377,0.635
109785,NA,NA,0.361,0.39,0.768,0.496,0.86
110416,NA,NA,0.537,0.727,0.037,0.295,0.797
110769,211401,144377,0.275,0.116,0.323,0.0625,0.825
112651,701952,909941,0.255,0.864,0.206,0.443,0.546
114447,351702,370196,0.861,0.527,0.219,0.8,0.764
114590,NA,NA,0.951,0.0572,0.94,0.126,0.157
114834,NA,NA,0.964,0.158,0.958,0.387,0.8
115094,NA,NA,0.256,0.714,0.627,0.593,0.29
116624,301161,217260,0.91,0.75,0.892,0.918,0.42
116630,NA,NA,0.495,0.93,0.235,0.757,0.331
121033,471267,95626,0.889,0.211,0.522,0.595,0.06
124783,NA,NA,0.572,0.75,0.00753,0.393,0.256
125059,424613,555305,0.942,0.523,0.433,0.0718,0.156
125547,309320,24690,0.642,0.511,0.334,0.0698,0.917
127638,NA,NA,0.793,0.211,0.413,0.4,0.378
129607,66005,838961,0.828,0.686,0.687,0.354,0.369
129757,NA,NA,0.481,0.307,0.0439,0.61,0.522
130950,725286,417460,0.959,0.0607,0.23,0.0905,0.453
131497,458399,384614,0.957,0.37,1,0.0000936,0.208
131532,NA,NA,0.61,0.455,0.321,0.501,0.43
139805,NA,NA,0.501,0.512,0.0213,0.191,0.0131
142110,605962,470432,0.857,0.211,0.664,0.0922,0.325
144377,NA,NA,0.731,0.588,0.746,0.764,0.0133
151788,444254,508249,0.421,0.805,0.567,0.539,0.962
152029,266543,105662,0.544,0.979,0.68,0.22,0.835
152057,NA,NA,0.403,0.629,0.99,0.142,0.303
154096,NA,NA,0.771,0.302,0.218,0.162,0.529
155860,NA,NA,0.901,0.317,0.409,0.2,0.598
156958,NA,NA,0.913,0.683,0.904,0.892,0.0716
157648,NA,NA,0.738,0.646,0.806,0.000576,0.529
160781,353198,968229,0.786,0.408,0.952,0.314,0.871
171707,NA,NA,0.122,0.834,0.819,0.807,0.448
174555,274658,80306,0.552,0.513,0.698,0.585,0.331
174807,NA,NA,0.0718,0.487,0.901,0.632,0.888
176747,NA,NA,0.65,0.423,0.54,0.574,0.4
178538,NA,NA,0.666,0.342,0.581,0.559,0.854
181968,690463,429340,0.371,0.102,0.224,0.498,0.459
183143,240954,726740,0.624,0.687,0.836,0.0531,0.271
186484,NA,NA,0.353,0.744,0.223,0.158,0.0693
186626,NA,NA,0.248,0.779,0.891,0.923,0.614
188132,422069,996216,0.204,0.807,0.244,0.0608,0.0667
190409,104264,595447,0.533,0.727,0.456,0.944,0.133
191543,NA,NA,0.453,0.571,0.192,0.0374,0.88
193211,NA,NA,0.698,0.759,0.105,0.0896,0.896
198432,NA,NA,0.547,0.292,0.945,0.444,0.044
198657,533500,27116,0.624,0.0772,0.825,0.964,0.375
202947,NA,NA,0.495,0.784,0.0604,0.549,0.664
204689,362056,659285,0.882,0.172,0.81,0.302,0.615
205186,551309,885879,0.588,0.78,0.867,0.981,0.374
208078,685520,142110,0.0666,0.724,0.151,0.0804,0.0618
208946,NA,NA,0.187,0.888,0.503,0.372,0.247
211148,641407,668643,0.332,0.0627,0.943,0.652,0.409
211401,NA,NA,0.931,0.302,0.976,0.0427,0.759
211915,NA,NA,0.00262,0.774,0.937,0.314,0.448
215510,822205,54580,0.961,0.922,0.285,0.419,0.378
216613,NA,NA,0.0825,0.799,0.0149,0.332,0.213
217043,420363,109340,0.743,0.189,0.752,0.451,0.136
217260,875730,892151,0.651,0.514,0.401,0.836,0.427
217825,228843,507045,0.489,0.0893,0.37,0.326,0.468
223023,418446,337732,0.724,0.274,0.583,0.0818,0.0791
223748,981436,992364,0.624,0.919,0.922,0.163,0.977
225311,354258,293665,0.111,0.751,0.619,0.731,0.889
226215,NA,NA,0.731,0.651,0.712,0.648,0.781
228248,NA,NA,0.11,0.974,0.317,0.173,0.271
228843,NA,NA,0.926,0.438,0.298,0.593,0.703
229362,NA,NA,0.643,0.772,0.986,0.312,0.0546
230869,575307,732236,0.0372,0.695,0.899,0.134,0.557
233816,NA,NA,0.8,0.323,0.772,0.259,0.157
233855,NA,NA,0.188,0.502,0.35,0.898,0.497
238126,NA,NA,0.228,0.257,0.413,0.74,0.622
238205,152029,990325,0.452,0.502,0.814,0.527,0.0591
239285,776138,550601,0.0259,0.639,0.262,0.371,0.462
240476,733400,550601,0.908,0.0109,0.0181,0.891,0.714
240954,383462,844381,0.48,0.612,0.768,0.268,0.924
241157,115094,549115,0.833,0.433,0.299,0.386,0.915
242153,554742,990328,0.79,0.286,0.0184,0.943,0.433
246564,NA,NA,0.449,0.389,0.575,0.123,0.813
249505,NA,NA,0.65,0.812,0.353,0.194,0.963
251083,506932,103768,0.197,0.581,0.194,0.101,0.0997
252389,NA,NA,0.917,0.41,0.179,0.458,0.2
257088,NA,NA,0.933,0.915,0.749,0.662,0.0831
258203,322421,955785,0.913,0.876,0.962,0.643,0.141
258993,33188,925606,0.75,0.638,0.823,0.835,0.249
260074,249505,550157,0.037,0.605,0.66,0.66,0.448
260536,367568,267484,0.67,0.256,0.0472,0.955,0.727
260847,NA,NA,0.377,0.00941,0.234,0.404,0.154
263407,NA,NA,0.00154,0.575,0.202,0.806,0.846
264785,12340,994885,0.341,0.315,0.795,0.445,0.907
264795,NA,NA,0.202,0.472,0.219,0.999,0.93
264959,NA,NA,0.238,0.481,0.555,0.416,0.929
265204,NA,NA,0.805,0.988,0.813,0.536,0.822
266543,NA,NA,0.303,0.316,0.269,0.432,0.876
266590,NA,NA,0.586,0.56,0.797,0.434,0.749
267484,NA,NA,0.476,0.0161,0.926,0.307,0.974
267667,378363,152057,0.189,0.199,0.6,0.329,0.271
271572,407777,775665,0.636,0.855,0.0497,0.694,0.182
274658,NA,NA,0.255,0.784,0.957,0.173,0.978
277846,NA,NA,0.408,0.313,0.541,0.993,0.136
279050,202947,662718,0.535,0.714,0.0285,0.121,0.557
282484,NA,NA,0.948,0.28,0.35,0.248,0.0941
284150,NA,NA,0.842,0.478,0.494,0.728,0.522
289495,658122,284150,0.768,0.321,0.415,0.262,0.971
291312,NA,NA,0.798,0.658,0.0162,0.945,0.817
293665,NA,NA,0.221,0.278,0.993,0.439,0.298
293709,760013,95751,0.358,0.439,0.518,0.265,0.193
294055,NA,NA,0.514,0.587,0.155,0.627,0.411
295660,NA,NA,0.134,0.355,0.969,0.55,0.411
297172,NA,NA,0.915,0.678,0.209,0.984,0.341
298478,NA,NA,0.74,0.704,0.721,0.825,0.551
299598,226215,708971,0.14,0.324,0.351,0.0926,0.357
300965,NA,NA,0.677,0.0401,0.59,0.182,0.474
301161,629053,888211,0.351,0.0434,0.639,0.762,0.461
305049,43066,820570,0.836,0.25,0.341,0.259,0.287
305055,966695,264785,0.921,0.177,0.784,0.824,0.613
308549,337460,263407,0.111,0.767,0.521,0.752,0.888
308613,NA,NA,0.912,0.419,0.0287,0.602,0.734
309320,852181,730418,0.704,0.732,0.393,0.234,0.929
309786,739546,595447,0.551,0.37,0.418,0.511,0.98
310204,425007,816902,0.186,0.451,0.305,0.259,0.877
311401,NA,NA,0.87,0.896,0.927,0.147,0.318
320829,NA,NA,0.979,0.559,0.99,0.865,0.382
321351,NA,NA,0.486,0.241,0.722,0.054,0.661
321727,NA,NA,0.774,0.113,0.889,0.0147,0.508
321931,NA,NA,0.536,0.576,0.3,0.184,0.086
322421,NA,NA,0.565,0.218,0.0924,0.926,0.491
325265,NA,NA,0.141,0.925,0.144,0.739,0.478
328725,112651,957398,0.491,0.209,0.895,0.473,0.235
328978,469905,129607,0.9,0.668,0.602,0.0869,0.0622
330485,121033,470461,0.986,0.264,0.149,0.652,0.111
330885,NA,NA,0.00261,0.704,0.121,0.91,0.782
331881,927995,691186,0.328,0.832,0.697,0.125,0.53
333285,NA,NA,0.241,0.862,0.143,0.0272,0.829
335108,925,804917,0.667,0.761,0.879,0.768,0.543
336019,383402,258993,0.415,0.18,0.414,0.565,0.976
337096,271572,872294,0.987,0.171,0.669,0.589,0.996
337233,114590,459829,0.427,0.9,0.57,0.378,0.348
337429,NA,NA,0.0648,0.0945,0.445,0.383,0.645
337460,NA,NA,0.524,0.432,0.115,0.951,0.935
337732,411572,444841,0.263,0.123,0.547,0.67,0.436
341760,661901,929294,0.855,0.552,0.258,0.347,0.989
347923,399860,239285,0.102,0.996,0.644,0.766,0.408
348385,131532,233855,0.0685,0.566,0.239,0.0916,0.496
349593,NA,NA,0.655,0.929,0.695,0.12,0.233
351702,NA,NA,0.581,0.0374,0.518,0.138,0.732
351770,NA,NA,0.181,0.901,0.82,0.475,0.642
352889,225311,627285,0.286,0.408,0.324,0.155,0.818
353198,NA,NA,0.199,0.651,0.167,0.0747,0.637
354169,106471,690140,0.895,0.104,0.0198,0.36,0.636
354258,NA,NA,0.216,0.0351,0.108,0.15,0.333
354505,NA,NA,0.572,0.823,0.0856,0.82,0.121
355337,900132,466120,0.474,0.194,0.15,0.362,0.954
356249,NA,NA,0.229,0.0575,0.588,0.114,0.767
356419,NA,NA,0.607,0.199,0.359,0.5,0.596
359077,6161,157648,0.556,0.458,0.446,0.626,0.0655
359106,757808,419491,0.0334,0.497,0.28,0.0605,0.636
359416,603758,186626,0.0494,0.225,0.47,0.184,0.732
362056,NA,NA,0.962,0.896,0.0192,0.868,0.481
362090,NA,NA,0.295,0.67,0.927,0.263,0.431
364403,813999,599940,0.0605,0.0404,0.718,0.601,0.252
364685,456549,725405,0.754,0.192,0.565,0.145,0.596
366508,308549,691186,0.0115,0.825,0.774,0.957,0.0426
367382,718993,441229,0.33,0.93,0.406,0.771,0.872
367568,NA,NA,0.387,0.219,0.989,0.415,0.627
369552,536036,627292,0.414,0.332,0.934,0.351,0.776
370196,NA,NA,0.0582,0.402,0.537,0.0335,0.944
371871,NA,NA,0.0865,0.202,0.664,0.819,0.871
374088,NA,NA,0.855,0.486,0.77,0.793,0.878
376296,NA,NA,0.743,0.768,0.64,0.276,0.316
378363,NA,NA,0.186,0.937,0.0865,0.715,0.441
379603,394065,715844,0.997,0.291,0.137,0.959,0.0753
383402,445211,794373,0.305,0.428,0.703,0.246,0.311
383462,NA,NA,0.866,0.123,0.484,0.271,0.894
384614,859883,266590,0.581,0.151,0.574,0.431,0.916
390083,NA,NA,0.95,0.427,0.814,0.613,0.131
394051,NA,NA,0.502,0.964,0.514,0.255,0.693
394065,NA,NA,0.988,0.0109,0.716,0.107,0.575
395028,NA,NA,0.759,0.219,0.592,0.541,0.0832
396604,155860,795056,0.87,0.646,0.342,0.716,0.543
397411,NA,NA,0.0122,0.211,0.286,0.303,0.533
398868,997614,909941,0.563,0.946,0.565,0.92,0.0641
399860,337460,50891,0.95,0.205,0.689,0.168,0.125
406135,NA,NA,0.851,0.138,0.899,0.625,0.995
406742,785190,665483,0.626,0.0525,0.072,0.575,0.672
406861,229362,154096,0.816,0.322,0.519,0.916,0.157
407328,537854,883319,0.0784,0.00238,0.345,0.904,0.148
407777,NA,NA,0.129,0.787,0.459,0.174,0.477
409437,NA,NA,0.193,0.477,0.628,0.75,0.367
410831,NA,NA,0.851,0.0846,0.959,0.291,0.0837
411572,NA,NA,0.34,0.911,0.255,0.0121,0.0731
413283,NA,NA,0.407,0.538,0.589,0.837,0.861
413518,NA,NA,0.538,0.0265,0.382,0.963,0.611
415278,NA,NA,0.756,0.793,0.18,0.912,0.753
415466,605731,508249,0.545,0.217,0.724,0.805,0.673
417460,847610,536813,0.698,0.462,0.541,0.683,0.785
418446,508000,406135,0.767,0.171,0.749,0.555,0.395
418609,944291,929902,0.402,0.689,0.26,0.91,0.597
419491,NA,NA,0.606,0.437,0.364,0.189,0.503
419747,858885,455221,0.996,0.304,0.15,0.542,0.299
420139,NA,NA,0.794,0.503,0.708,0.533,0.455
420363,NA,NA,0.14,0.312,0.956,0.321,0.472
422069,NA,NA,0.647,0.468,0.489,0.57,0.92
424613,NA,NA,0.408,0.12,0.251,0.531,0.727
425007,NA,NA,0.023,0.22,0.132,0.861,0.16
425669,NA,NA,0.869,0.0388,0.161,0.533,0.0426
426057,NA,NA,0.0886,0.973,0.943,0.0393,0.136
426597,NA,NA,0.64,0.495,0.321,0.878,0.395
429340,NA,NA,0.435,0.737,0.961,0.91,0.223
430353,52300,337429,0.0226,0.73,0.358,0.613,0.638
432207,NA,NA,0.00000169,0.403,0.609,0.566,0.751
433487,NA,NA,0.464,0.835,0.727,0.584,0.175
434694,NA,NA,0.454,0.341,0.738,0.969,0.755
435792,618379,886292,0.84,0.824,0.111,0.36,0.111
437010,971029,349593,0.733,0.146,0.0656,0.571,0.234
437531,NA,NA,0.838,0.766,0.249,0.488,0.263
440223,30021,547035,0.556,0.651,0.757,0.211,0.894
441229,NA,NA,0.576,0.854,0.0449,0.504,0.579
444254,321727,9326,0.873,0.626,0.944,0.526,0.163
444841,NA,NA,0.072,0.787,0.471,0.644,0.798
445211,NA,NA,0.641,0.489,0.957,0.162,0.324
446387,NA,NA,0.651,0.869,0.429,0.541,0.383
449912,NA,NA,0.558,0.896,0.667,0.344,0.504
450098,504390,994885,0.281,0.341,0.34,0.691,0.821
452116,NA,NA,0.561,0.16,0.21,0.725,0.821
455221,541863,540236,0.403,0.671,0.083,0.175,0.289
456549,NA,NA,0.159,0.372,0.0609,0.0115,0.951
458399,964446,714795,0.404,0.695,0.815,0.317,0.144
459829,NA,NA,0.253,0.718,0.802,0.681,0.9
460478,NA,NA,0.129,0.551,0.251,0.0914,0.925
460558,NA,NA,0.268,0.077,0.75,0.766,0.0959
465622,NA,NA,0.25,0.425,0.306,0.481,0.841
466120,NA,NA,0.485,0.412,0.0105,0.425,0.388
466636,35252,65357,0.179,0.101,0.697,0.796,0.619
467464,204689,554086,0.663,0.666,0.821,0.217,0.284
468920,937911,799929,0.579,0.0806,0.539,0.973,0.778
469905,43066,807992,0.908,0.611,0.91,0.715,0.222
470432,NA,NA,0.647,0.747,0.174,0.239,0.547
470461,990556,152057,0.157,0.269,0.552,0.00223,0.0739
470654,NA,NA,0.0878,0.446,0.869,0.0138,0.728
471267,NA,NA,0.796,0.149,0.406,0.908,0.472
472552,627848,437010,0.443,0.0941,0.00563,0.186,0.198
472621,690598,223748,0.347,0.435,0.463,0.238,0.733
473267,NA,NA,0.0893,0.337,0.969,0.718,0.426
476785,NA,NA,0.23,0.972,0.175,0.551,0.478
477627,101749,744275,0.948,0.588,0.101,0.682,0.924
479388,356249,790440,0.694,0.0817,0.591,0.318,0.278
479538,305049,955599,0.288,0.316,0.399,0.968,0.682
483705,NA,NA,0.68,0.667,0.291,0.124,0.568
489904,335108,19277,0.181,0.507,0.752,0.993,0.925
491595,45420,805499,0.666,0.899,0.136,0.718,0.15
494342,NA,NA,0.0271,0.831,0.559,0.684,0.486
495994,348385,699926,0.142,0.61,0.682,0.275,0.859
496145,NA,NA,0.958,0.593,0.281,0.138,0.376
496676,NA,NA,0.636,0.273,0.937,0.952,0.396
499042,NA,NA,0.523,0.695,0.474,0.973,0.412
503134,NA,NA,0.764,0.213,0.591,0.582,0.884
504390,NA,NA,0.858,0.392,0.159,0.0209,0.0555
504813,844776,964758,0.154,0.713,0.631,0.383,0.0614
506932,374088,432207,0.0644,0.414,0.158,0.533,0.17
507045,NA,NA,0.0686,0.777,0.801,0.823,0.338
508000,NA,NA,0.263,0.674,0.789,0.778,0.877
508249,828070,330885,0.253,0.841,0.327,0.823,0.171
509094,NA,NA,0.606,0.463,0.256,0.058,0.243
513517,229362,645881,0.475,0.589,0.286,0.531,0.147
515025,731884,477627,0.109,0.0496,0.17,0.644,0.102
516322,739032,103019,0.978,0.308,0.517,0.638,0.852
523295,NA,NA,0.845,0.0691,0.219,0.646,0.945
527029,190409,971026,0.161,0.0133,0.456,0.718,0.851
528811,NA,NA,0.186,0.0965,0.379,0.844,0.63
530844,NA,NA,0.4,0.287,0.154,0.279,0.922
533500,NA,NA,0.298,0.523,0.0238,0.533,0.531
535558,554669,523295,0.805,0.142,0.838,0.298,0.851
536036,193211,494342,0.451,0.221,0.608,0.909,0.913
536813,NA,NA,0.901,0.695,0.838,0.142,0.577
537854,337460,32266,0.821,0.953,0.595,0.277,0.212
540236,NA,NA,0.376,0.421,0.186,0.969,0.852
541498,468920,601527,0.802,0.81,0.572,0.64,0.795
541863,NA,NA,0.792,0.794,0.663,0.374,0.642
541972,479388,406861,0.566,0.449,0.871,0.813,0.0208
547035,129757,107449,0.676,0.171,0.248,0.708,0.874
548969,NA,NA,0.419,0.755,0.233,0.847,0.645
549115,NA,NA,0.000206,0.228,0.506,0.289,0.266
550157,NA,NA,0.399,0.456,0.8,0.219,0.642
550601,NA,NA,0.888,0.768,0.746,0.707,0.501
551309,886865,228248,0.338,0.234,0.824,0.394,0.851
552527,61787,65357,0.416,0.546,0.833,0.184,0.13
553040,114834,980186,0.85,0.892,0.354,0.722,0.701
554086,60388,968835,0.693,0.37,0.248,0.143,0.42
554669,NA,NA,0.116,0.94,0.832,0.739,0.545
554742,91979,311401,0.637,0.849,0.861,0.428,0.622
555305,NA,NA,0.62,0.108,0.946,0.311,0.403
558487,NA,NA,0.777,0.757,0.609,0.381,0.64
564133,NA,NA,0.331,0.541,0.045,0.144,0.0344
566842,NA,NA,0.325,0.983,0.146,0.19,0.111
567226,749590,516322,0.0314,0.171,0.455,0.543,0.266
569484,NA,NA,0.19,0.147,0.53,0.81,0.815
573683,NA,NA,0.375,0.194,0.874,0.168,0.929
575088,NA,NA,0.292,0.791,0.738,0.043,0.617
575307,NA,NA,0.376,0.345,0.806,0.757,0.906
576137,356419,4632,0.0723,0.303,0.14,0.267,0.155
587216,NA,NA,0.192,0.795,0.182,0.558,0.726
588658,NA,NA,0.558,0.354,0.466,0.265,0.916
592525,822301,96041,0.12,0.573,0.803,0.93,0.499
593838,110769,491595,0.403,0.371,0.349,0.984,0.795
595447,NA,NA,0.663,0.145,0.222,0.12,0.11
598508,NA,NA,0.121,0.766,0.936,0.366,0.364
599714,359106,998931,0.636,0.00201,0.922,0.228,0.887
599940,900132,473267,0.141,0.137,0.603,0.442,0.428
601527,265204,156958,0.645,0.898,0.872,0.636,0.858
603329,NA,NA,0.848,0.979,0.646,0.958,0.338
603758,NA,NA,0.15,0.656,0.0389,0.709,0.142
604852,NA,NA,0.383,0.733,0.91,0.592,0.733
605731,277846,816447,0.289,0.652,0.852,0.688,0.0988
605962,NA,NA,0.741,0.564,0.0958,0.382,0.553
609473,781738,294055,0.74,0.892,0.96,0.353,0.141
613087,530844,419491,0.799,0.383,0.603,0.245,0.415
617723,NA,NA,0.199,0.405,0.848,0.494,0.243
618379,NA,NA,0.16,0.274,0.276,0.752,0.977
620839,743814,77267,0.477,0.368,0.0041,0.771,0.691
625357,689539,535558,0.15,0.657,0.0356,0.422,0.826
627040,587216,174807,0.542,0.525,0.252,0.902,0.417
627285,282484,893513,0.701,0.477,0.795,0.785,0.0671
627292,566842,903421,0.0785,0.291,0.445,0.0106,0.34
627848,858742,698799,0.19,0.99,0.0328,0.968,0.418
627926,NA,NA,0.286,0.735,0.168,0.161,0.421
629053,NA,NA,0.00851,0.692,0.166,0.688,0.522
630032,NA,NA,0.531,0.373,0.625,0.551,0.167
632414,NA,NA,0.0155,0.337,0.123,0.609,0.333
635170,337233,620839,0.676,0.96,0.338,0.0785,0.922
638069,980987,257088,0.945,0.287,0.781,0.836,0.199
639744,NA,NA,0.362,0.275,0.116,0.438,0.698
640796,NA,NA,0.0284,0.0337,0.376,0.301,0.117
641407,264959,308613,0.748,0.202,0.596,1,0.251
645724,NA,NA,0.0682,0.621,0.98,0.757,0.231
645881,NA,NA,0.598,0.501,0.0446,0.461,0.385
651843,NA,NA,0.206,0.844,0.635,0.0251,0.987
654244,354169,223748,0.404,0.0814,0.115,0.0653,0.329
656046,745533,449912,0.512,0.382,0.221,0.513,0.135
656314,NA,NA,0.969,0.402,0.916,0.321,0.31
658122,NA,NA,0.284,0.886,0.775,0.804,0.355
658675,980987,264795,0.819,0.638,0.115,0.98,0.877
659285,NA,NA,0.5,0.301,0.256,0.774,0.882
659815,NA,NA,0.904,0.202,0.754,0.867,0.755
661670,NA,NA,0.878,0.591,0.7,0.747,0.526
661901,NA,NA,0.193,0.752,0.277,0.00989,0.587
662718,NA,NA,0.75,0.499,0.483,0.354,0.166
665483,779974,992446,0.381,0.327,0.962,0.104,0.497
668486,NA,NA,0.0681,0.571,0.174,0.069,0.0251
668643,300965,558487,0.356,0.838,0.313,0.291,0.873
669364,697750,499042,0.273,0.571,0.217,0.138,0.999
672099,78106,413518,0.664,0.057,0.414,0.198,0.437
673170,818761,892331,0.857,0.458,0.318,0.305,0.199
674310,337460,929460,0.531,0.906,0.577,0.82,0.438
674965,NA,NA,0.872,0.185,0.55,0.52,0.464
675410,NA,NA,0.466,0.569,0.896,0.41,0.0529
675840,NA,NA,0.485,0.0875,0.965,0.271,0.279
676109,398868,995291,0.717,0.486,0.912,0.722,0.141
678412,NA,NA,0.252,0.264,0.783,0.593,0.108
681757,684666,496145,0.59,0.359,0.977,0.73,0.487
683577,217043,775485,0.744,0.427,0.646,0.445,0.699
684162,75767,337429,0.831,0.843,0.0772,0.887,0.582
684666,NA,NA,0.109,0.829,0.978,0.233,0.154
685520,176747,91547,0.919,0.537,0.921,0.0166,0.209
686719,NA,NA,0.494,0.972,0.161,0.205,0.869
689539,951494,77559,0.755,0.065,0.609,0.523,0.655
690140,NA,NA,0.0852,0.981,0.959,0.883,0.774
690463,NA,NA,0.36,0.484,0.49,0.991,0.839
690598,351770,790440,0.103,0.0815,0.509,0.412,0.771
691186,668486,746768,0.558,0.391,0.468,0.167,0.491
691665,NA,NA,0.176,0.541,0.102,0.801,0.129
695966,186484,238126,0.216,0.606,0.335,0.455,0.468
697342,NA,NA,0.509,0.661,0.957,0.437,0.754
697411,468920,601527,0.889,0.974,0.436,0.0669,0.593
697750,NA,NA,0.697,0.0317,0.417,0.209,0.792
698799,NA,NA,0.967,0.291,0.627,0.789,0.793
698938,927291,804763,0.975,0.409,0.997,0.131,0.724
699721,638069,188132,0.293,0.0337,0.283,0.947,0.38
699926,452116,921545,0.182,0.909,0.612,0.819,0.737
700416,675410,293665,0.894,0.519,0.557,0.896,0.0875
701952,NA,NA,0.708,0.793,0.334,0.236,0.036
702971,681757,897115,0.669,0.698,0.301,0.206,0.712
704501,705037,260536,0.662,0.738,0.333,0.163,0.702
705037,603329,950840,0.0383,0.207,0.563,0.773,0.687
708971,NA,NA,0.145,0.872,0.553,0.844,0.66
709399,NA,NA,0.781,0.00701,0.168,0.387,0.964
710052,576137,49952,0.996,0.662,0.844,0.0457,0.848
714795,NA,NA,0.571,0.575,0.537,0.602,0.235
715844,NA,NA,0.264,0.12,0.607,0.601,0.452
716292,NA,NA,0.808,0.215,0.412,0.959,0.523
716611,766348,741059,0.865,0.319,0.371,0.251,0.0654
716978,364685,267667,0.786,0.228,0.782,0.921,0.617
718993,NA,NA,0.1,0.0297,0.824,0.0283,0.347
721938,627926,395028,0.675,0.642,0.478,0.434,0.671
725286,27765,755231,0.505,0.408,0.314,0.407,0.354
725405,NA,NA,0.579,0.664,0.615,0.123,0.501
726740,661670,71630,0.0676,0.589,0.463,0.71,0.306
729483,8597,854950,0.432,0.437,0.714,0.718,0.582
730418,NA,NA,0.458,0.133,0.606,0.587,0.689
731884,114590,956299,0.333,0.191,0.725,0.444,0.187
732082,6161,632414,0.26,0.827,0.106,0.804,0.768
732236,NA,NA,0.834,0.84,0.877,0.601,0.973
733400,NA,NA,0.452,0.29,0.255,0.451,0.545
735481,198657,293709,0.0341,0.439,0.99,0.698,0.176
737906,59265,732082,0.136,0.932,0.123,0.0712,0.723
738391,NA,NA,0.0541,0.73,0.911,0.755,0.432
738811,833315,829666,0.107,0.285,0.931,0.0301,0.897
739032,NA,NA,0.745,0.992,0.479,0.444,0.709
739546,NA,NA,0.339,0.934,0.528,0.35,0.821
740811,NA,NA,0.789,0.965,0.18,0.806,0.813
741059,208946,216613,0.524,0.549,0.185,0.576,0.448
743507,437531,844425,0.315,0.667,0.717,0.568,0.286
743814,NA,NA,0.579,0.632,0.995,0.97,0.483
744275,NA,NA,0.957,0.36,0.366,0.0323,0.615
745533,NA,NA,0.95,0.324,0.25,0.546,0.0378
746768,NA,NA,0.806,0.513,0.982,0.851,0.538
749590,674965,297172,0.524,0.353,0.694,0.698,0.462
749899,NA,NA,0.184,0.379,0.653,0.102,0.495
754543,821579,470654,0.696,0.83,0.344,0.766,0.297
755231,NA,NA,0.907,0.812,0.514,0.8,0.957
756632,NA,NA,0.784,0.755,0.305,0.0112,0.0129
757583,NA,NA,0.577,0.908,0.534,0.239,0.751
757808,NA,NA,0.214,0.825,0.0363,0.88,0.886
757945,684162,513517,0.523,0.212,0.953,0.485,0.104
759811,NA,NA,0.689,0.465,0.416,0.574,0.494
760013,NA,NA,0.433,0.811,0.682,0.99,0.22
766348,678412,639744,0.278,0.00333,0.737,0.565,0.631
766946,430353,279050,0.49,0.834,0.533,0.912,0.608
767287,536036,793103,0.587,0.154,0.0133,0.95,0.138
770960,743507,160781,0.471,0.483,0.927,0.9,0.484
775001,NA,NA,0.179,0.873,0.925,0.284,0.327
775485,927964,528811,0.727,0.394,0.272,0.194,0.117
775665,NA,NA,0.537,0.167,0.621,0.406,0.56
776138,NA,NA,0.775,0.646,0.842,0.233,0.736
779283,30021,808960,0.494,0.923,0.173,0.982,0.123
779974,NA,NA,0.963,0.408,0.0712,0.612,0.408
780681,729483,396604,0.312,0.0154,0.63,0.848,0.848
781738,NA,NA,0.16,0.0919,0.9,0.674,0.408
781799,NA,NA,0.843,0.00417,0.593,0.522,0.517
783405,813999,355337,0.706,0.89,0.386,0.00334,0.78
785033,114447,818569,0.127,0.365,0.163,0.92,0.167
785190,233816,918592,0.605,0.801,0.0432,0.892,0.0559
785667,NA,NA,0.386,0.587,0.231,0.021,0.773
789390,NA,NA,0.79,0.137,0.156,0.663,0.093
790440,NA,NA,0.711,0.651,0.0957,0.3,0.138
793103,661901,675840,0.415,0.0301,0.345,0.782,0.944
794373,NA,NA,0.776,0.567,0.587,0.109,0.732
795056,NA,NA,0.499,0.965,0.412,0.16,0.135
799929,NA,NA,0.537,0.294,0.918,0.679,0.116
804763,743814,33857,0.248,0.703,0.919,0.494,0.829
804917,NA,NA,0.836,0.654,0.603,0.656,0.491
805499,NA,NA,0.0827,0.0212,0.5,0.187,0.933
806847,260074,450098,0.992,0.815,0.174,0.448,0.251
807992,NA,NA,0.508,0.737,0.914,0.586,0.965
808960,738391,291312,0.489,0.866,0.0637,0.173,0.964
813999,362056,656314,0.0767,0.211,0.703,0.344,0.0325
814809,904159,354505,0.0445,0.364,0.0576,0.541,0.52
816447,NA,NA,0.887,0.232,0.315,0.632,0.146
816902,NA,NA,0.553,0.332,0.344,0.167,0.568
818455,241157,928173,0.548,0.959,0.165,0.967,0.248
818569,564133,211915,0.549,0.269,0.735,0.788,0.909
818761,NA,NA,0.819,0.0975,0.0854,0.0719,0.781
820264,824101,672099,0.257,0.535,0.994,0.387,0.679
820570,NA,NA,0.743,0.774,0.00109,0.253,0.795
821579,NA,NA,0.00405,0.153,0.0425,0.742,0.176
822205,891496,569484,0.62,0.685,0.753,0.476,0.39
822301,460558,460478,0.842,0.19,0.272,0.217,0.00199
824101,390083,844425,0.403,0.838,0.927,0.461,0.874
825180,NA,NA,0.084,0.659,0.92,0.278,0.99
826920,NA,NA,0.0928,0.471,0.497,0.591,0.903
828070,NA,NA,0.0262,0.07,0.54,0.66,0.387
829666,NA,NA,0.764,0.00304,0.704,0.533,0.792
833072,NA,NA,0.0766,0.255,0.463,0.192,0.563
833315,NA,NA,0.224,0.457,0.975,0.401,0.364
836111,299598,907898,0.766,0.701,0.516,0.296,0.809
836671,413283,127638,0.25,0.219,0.456,0.428,0.551
838961,NA,NA,0.444,0.655,0.87,0.901,0.857
839947,566842,110416,0.783,0.83,0.891,0.495,0.184
843482,309786,669364,0.309,0.0324,0.938,0.35,0.37
844381,NA,NA,0.18,0.286,0.548,0.928,0.992
844425,NA,NA,0.282,0.573,0.801,0.803,0.11
844776,548969,298478,0.623,0.773,0.992,0.377,0.565
845255,785667,9326,0.132,0.327,0.0161,0.872,0.672
845815,NA,NA,0.805,0.595,0.148,0.935,0.944
847610,NA,NA,0.724,0.165,0.0456,0.065,0.946
850415,NA,NA,0.436,0.962,0.722,0.667,0.0669
852181,NA,NA,0.693,0.926,0.616,0.856,0.77
852495,NA,NA,0.331,0.865,0.906,0.111,0.9
854950,NA,NA,0.539,0.0177,0.104,0.074,0.172
858023,NA,NA,0.748,0.237,0.0818,0.913,0.351
858742,NA,NA,0.903,0.182,0.675,0.0796,0.216
858885,686719,775001,0.177,0.714,0.69,0.189,0.196
859018,348385,367382,0.976,0.326,0.429,0.0527,0.289
859883,NA,NA,0.577,0.612,0.556,0.448,0.307
872294,881158,291312,0.853,0.431,0.27,0.982,0.426
873133,NA,NA,0.0147,0.278,0.321,0.496,0.578
875730,NA,NA,0.835,0.391,0.283,0.488,0.755
875767,110769,258203,0.118,0.849,0.169,0.5,0.541
881158,NA,NA,0.206,0.849,0.0751,0.901,0.211
883319,938414,909584,0.78,0.652,0.938,0.0441,0.804
885879,627926,139805,0.26,0.645,0.373,0.77,0.612
886292,NA,NA,0.0774,0.629,0.986,0.874,0.255
886865,NA,NA,0.109,0.412,0.871,0.731,0.433
888211,NA,NA,0.82,0.913,0.0867,0.301,0.542
888270,781799,33857,0.152,0.639,0.0826,0.614,0.877
891496,NA,NA,0.000458,0.624,0.155,0.188,0.0448
892151,NA,NA,0.513,0.653,0.384,0.803,0.878
892331,NA,NA,0.0738,0.0369,0.915,0.116,0.124
893513,NA,NA,0.204,0.67,0.961,0.422,0.871
897115,446387,575088,0.00631,0.985,0.0929,0.826,0.441
897117,813999,656046,0.882,0.37,0.206,0.7,0.817
898897,102116,888270,0.136,0.917,0.659,0.647,0.532
900132,NA,NA,0.529,0.186,0.511,0.263,0.535
902823,673170,217825,0.697,0.623,0.646,0.389,0.435
903421,NA,NA,0.748,0.825,0.213,0.0271,0.758
904159,NA,NA,0.529,0.848,0.684,0.596,0.336
907898,433487,470654,0.791,0.824,0.4,0.593,0.853
909584,NA,NA,0.579,0.0319,0.47,0.086,0.346
909941,NA,NA,0.307,0.671,0.683,0.818,0.955
915474,814809,359416,0.0673,0.8,0.758,0.811,0.473
918592,NA,NA,0.335,0.925,0.393,0.371,0.704
919287,613087,668643,0.659,0.197,0.712,0.575,0.0146
921305,NA,NA,0.0128,0.825,0.466,0.111,0.199
921545,NA,NA,0.547,0.49,0.272,0.624,0.346
921660,174555,19277,0.0717,0.506,0.0405,0.583,0.091
922863,845255,508249,0.6,0.856,0.498,0.487,0.494
925606,NA,NA,0.224,0.455,0.646,0.73,0.851
927291,124783,845815,0.128,0.655,0.611,0.636,0.55
927964,NA,NA,0.241,0.768,0.0481,0.92,0.758
927995,321931,709399,0.639,0.271,0.548,0.463,0.534
928173,852495,749899,0.49,0.13,0.634,0.334,0.122
929294,NA,NA,0.605,0.628,0.232,0.95,0.403
929460,NA,NA,0.345,0.326,0.916,0.507,0.0932
929555,70561,359077,0.237,0.876,0.877,0.215,0.766
929596,NA,NA,0.352,0.876,0.842,0.668,0.119
929902,659815,178538,0.745,0.947,0.0646,0.696,0.885
931590,51032,721938,0.426,0.168,0.534,0.281,0.605
931718,NA,NA,0.00524,0.705,0.679,0.992,0.829
933335,640796,139805,0.217,0.232,0.929,0.542,0.522
937911,NA,NA,0.943,0.691,0.89,0.591,0.0549
938414,NA,NA,0.293,0.967,0.789,0.858,0.911
939110,536036,839947,0.702,0.46,0.468,0.174,0.49
940811,700416,993373,0.645,0.757,0.977,0.677,0.0667
943776,958602,310204,0.525,0.381,0.798,0.396,0.526
944291,409437,198432,0.592,0.765,0.211,0.292,0.315
950840,NA,NA,0.0145,0.779,0.814,0.73,0.0936
951494,NA,NA,0.156,0.183,0.102,0.743,0.107
953002,181968,125059,0.395,0.464,0.899,0.226,0.833
953302,NA,NA,0.824,0.0134,0.761,0.82,0.959
955599,320829,588658,0.57,0.526,0.861,0.552,0.947
955785,NA,NA,0.733,0.387,0.185,0.924,0.771
956299,NA,NA,0.16,0.807,0.95,0.459,0.941
956712,553040,609473,0.154,0.00456,0.551,0.427,0.885
957398,426597,4548,0.113,0.879,0.147,0.0372,0.744
958602,274658,630032,0.892,0.425,0.842,0.719,0.659
959287,627040,289495,0.843,0.792,0.565,0.957,0.0499
960218,NA,NA,0.665,0.545,0.351,0.481,0.967
963898,NA,NA,0.0422,0.0434,0.173,0.236,0.689
964446,NA,NA,0.636,0.948,0.281,0.0792,0.389
964758,852495,85328,0.308,0.428,0.98,0.562,0.179
966695,249505,550157,0.915,0.853,0.599,0.158,0.879
968229,NA,NA,0.392,0.652,0.297,0.0695,0.0226
968835,NA,NA,0.414,0.466,0.598,0.155,0.788
971026,51034,858023,0.968,0.513,0.82,0.444,0.233
971029,NA,NA,0.648,0.00538,0.273,0.663,0.569
980186,NA,NA,0.699,0.913,0.066,0.991,0.678
980987,NA,NA,0.193,0.961,0.875,0.702,0.00677
981436,NA,NA,0.224,0.332,0.364,0.722,0.376
987450,NA,NA,0.112,0.254,0.641,0.474,0.273
990325,415278,573683,0.888,0.586,0.888,0.206,0.464
990328,617723,246564,0.399,0.847,0.888,0.601,0.666
990556,NA,NA,0.817,0.616,0.943,0.516,0.485
992364,NA,NA,0.687,0.2,0.125,0.0245,0.226
992446,NA,NA,0.104,0.479,0.0646,0.726,0.256
993373,789390,325265,0.86,0.609,0.344,0.312,0.546
994885,NA,NA,0.758,0.131,0.978,0.00768,0.547
995291,850415,4548,0.256,0.535,0.443,0.721,0.721
996216,NA,NA,0.978,0.351,0.16,0.6,0.563
997614,NA,NA,0.598,0.464,0.51,0.913,0.587
998931,394051,558487,0.539,0.307,0.284,0.299,0.486
