month,year,date,sp_composite,dividend,earnings,cpi,lg_int_rate,real_price,real_div,real_earn,cyclic_adj,nom_home
1,1992,1/31/1992,416.08,12.24,16.05,138.1,7.03,784.74,23.09,30.26,19.77,75.69
2,1992,2/29/1992,412.56,12.28,16.12,138.6,7.34,775.29,23.08,30.3,19.58,75.65
3,1992,3/31/1992,407.36,12.32,16.19,139.3,7.54,761.68,23.04,30.27,19.28,75.81
4,1992,4/30/1992,407.41,12.32,16.48,139.5,7.48,760.68,23,30.78,19.3,76.08
5,1992,5/31/1992,414.81,12.32,16.77,139.7,7.39,773.38,22.97,31.26,19.66,76.4
6,1992,6/30/1992,408.27,12.32,17.05,140.2,7.26,758.48,22.89,31.68,19.32,76.6
7,1992,7/31/1992,415.05,12.34,17.38,140.5,6.84,769.43,22.88,32.22,19.62,76.71
8,1992,8/31/1992,417.93,12.37,17.71,140.9,6.59,772.57,22.86,32.74,19.72,76.73
9,1992,9/30/1992,418.48,12.4,18.04,141.3,6.42,771.39,22.86,33.25,19.71,76.63
10,1992,10/31/1992,412.5,12.39,18.39,141.8,6.59,757.69,22.75,33.78,19.37,76.6
11,1992,11/30/1992,422.84,12.38,18.74,142,6.87,775.59,22.71,34.37,19.83,76.58
12,1992,12/31/1992,435.64,12.39,19.09,141.9,6.77,799.63,22.74,35.04,20.45,76.47
13,1993,1/31/1993,435.23,12.41,19.34,142.6,6.6,794.95,22.67,35.32,20.32,76.4
14,1993,2/28/1993,441.7,12.45,19.59,143.1,6.26,803.95,22.65,35.66,20.55,76.33
15,1993,3/31/1993,450.16,12.48,19.84,143.6,5.98,816.50,22.64,35.99,20.86,76.38
16,1993,4/30/1993,443.08,12.49,19.67,144,5.97,801.42,22.6,35.58,20.46,76.66
17,1993,5/31/1993,445.25,12.51,19.5,144.2,6.04,804.23,22.59,35.22,20.52,77.03
18,1993,6/30/1993,448.06,12.52,19.33,144.4,5.96,808.19,22.58,34.87,20.61,77.52
19,1993,7/31/1993,447.29,12.52,19.69,144.4,5.81,806.80,22.58,35.52,20.56,77.88
20,1993,8/31/1993,454.13,12.52,20.05,144.8,5.68,816.87,22.52,36.07,20.81,78.13
21,1993,9/30/1993,459.24,12.52,20.41,145.1,5.36,824.36,22.47,36.64,20.99,78.2
22,1993,10/31/1993,463.9,12.54,20.9,145.7,5.33,829.29,22.42,37.36,21.11,78.18
23,1993,11/30/1993,462.89,12.56,21.39,145.8,5.72,826.92,22.44,38.21,21.04,78.18
24,1993,12/31/1993,465.95,12.58,21.89,145.8,5.77,832.39,22.47,39.1,21.16,78.12
25,1994,1/31/1994,472.99,12.62,22.16,146.2,5.75,842.65,22.49,39.47,21.41,78.2
26,1994,2/28/1994,471.58,12.67,22.43,146.7,5.97,837.27,22.49,39.83,21.26,78.21
27,1994,3/31/1994,463.81,12.71,22.71,147.2,6.48,820.68,22.49,40.18,20.83,78.35
28,1994,4/30/1994,447.23,12.75,23.54,147.4,6.97,790.27,22.54,41.6,20.06,78.71
29,1994,5/31/1994,450.9,12.8,24.37,147.5,7.18,796.22,22.6,43.03,20.2,79.22
30,1994,6/30/1994,454.83,12.84,25.2,148,7.1,800.44,22.6,44.35,20.29,79.71
31,1994,7/31/1994,451.4,12.87,25.91,148.4,7.3,792.26,22.59,45.48,20.07,80.07
32,1994,8/31/1994,464.24,12.9,26.62,149,7.24,811.52,22.55,46.53,20.54,80.32
33,1994,9/30/1994,466.96,12.92,27.33,149.4,7.46,814.09,22.52,47.65,20.58,80.35
34,1994,10/31/1994,463.81,13.01,28.42,149.5,7.74,808.06,22.67,49.51,20.4,80.31
35,1994,11/30/1994,461.01,13.1,29.51,149.7,7.96,802.11,22.79,51.34,20.21,80.17
36,1994,12/31/1994,455.19,13.17,30.6,149.7,7.81,791.98,22.91,53.24,19.91,80.08
37,1995,1/31/1995,465.25,13.18,31.25,150.3,7.78,806.25,22.84,54.15,20.22,80.04
38,1995,2/28/1995,481.92,13.18,31.9,150.9,7.47,831.82,22.75,55.06,20.8,80
39,1995,3/31/1995,493.15,13.17,32.55,151.4,7.2,848.39,22.66,56,21.15,80.09
40,1995,4/30/1995,507.91,13.24,33.18,151.9,7.06,870.91,22.71,56.89,21.64,80.39
41,1995,5/31/1995,523.81,13.31,33.8,152.2,6.63,896.40,22.77,57.85,22.2,80.71
42,1995,6/30/1995,539.35,13.36,34.43,152.5,6.17,921.18,22.82,58.8,22.72,81.08
43,1995,7/31/1995,557.37,13.44,34.68,152.5,6.28,951.96,22.95,59.23,23.38,81.43
44,1995,8/31/1995,559.11,13.51,34.93,152.9,6.49,952.43,23.01,59.5,23.28,81.67
45,1995,9/30/1995,578.77,13.58,35.18,153.2,6.2,983.99,23.09,59.81,23.95,81.75
46,1995,10/31/1995,582.92,13.65,34.77,153.7,6.04,987.82,23.13,58.93,23.93,81.74
47,1995,11/30/1995,595.53,13.72,34.37,153.6,5.93,1009.85,23.27,58.28,24.35,81.65
48,1995,12/31/1995,614.57,13.79,33.96,153.5,5.71,1042.81,23.4,57.62,25.03,81.53
49,1996,1/31/1996,614.42,13.89,33.99,154.4,5.65,1036.48,23.44,57.33,24.76,81.45
50,1996,2/29/1996,649.54,14,34.01,154.9,5.81,1092.19,23.54,57.19,25.98,81.42
51,1996,3/31/1996,647.07,14.1,34.04,155.7,6.27,1082.44,23.59,56.94,25.63,81.69
52,1996,4/30/1996,647.17,14.16,34.33,156.3,6.51,1078.46,23.59,57.21,25.42,82.14
53,1996,5/31/1996,661.23,14.21,34.62,156.6,6.74,1099.77,23.64,57.58,25.81,82.62
54,1996,6/30/1996,668.5,14.27,34.91,156.7,6.91,1111.16,23.72,58.03,25.97,83.07
55,1996,7/31/1996,644.07,14.4,35.27,157,6.87,1068.50,23.89,58.52,24.86,83.44
56,1996,8/31/1996,662.68,14.53,35.64,157.3,6.64,1097.28,24.06,59.01,25.41,83.67
57,1996,9/30/1996,674.88,14.66,36,157.8,6.83,1113.94,24.2,59.42,25.68,83.73
58,1996,10/31/1996,701.46,14.74,36.91,158.3,6.53,1154.16,24.25,60.73,26.48,83.65
59,1996,11/30/1996,735.67,14.82,37.82,158.6,6.2,1208.15,24.34,62.11,27.59,83.58
60,1996,12/31/1996,743.25,14.9,38.73,158.6,6.3,1220.60,24.47,63.6,27.72,83.51
61,1997,1/31/1997,766.22,14.95,39.23,159.1,6.58,1254.37,24.48,64.23,28.33,83.55
62,1997,2/28/1997,798.39,15.01,39.74,159.6,6.42,1302.94,24.49,64.85,29.27,83.62
63,1997,3/31/1997,792.16,15.06,40.24,160,6.69,1289.54,24.52,65.51,28.8,83.93
64,1997,4/30/1997,763.93,15.09,40.34,160.2,6.89,1242.03,24.54,65.59,27.59,84.35
65,1997,5/31/1997,833.09,15.13,40.45,160.1,6.71,1355.32,24.61,65.8,29.93,84.89
66,1997,6/30/1997,876.29,15.16,40.55,160.3,6.49,1423.83,24.63,65.89,31.26,85.43
67,1997,7/31/1997,925.29,15.22,40.58,160.5,6.22,1501.57,24.69,65.85,32.77,85.87
68,1997,8/31/1997,927.24,15.27,40.61,160.8,6.3,1501.93,24.74,65.78,32.59,86.18
69,1997,9/30/1997,937.02,15.33,40.64,161.2,6.21,1514.00,24.77,65.66,32.67,86.34
70,1997,10/31/1997,951.16,15.39,40.33,161.6,6.03,1533.05,24.8,65.01,32.9,86.44
71,1997,11/30/1997,938.92,15.44,40.03,161.5,5.88,1514.25,24.91,64.55,32.34,86.66
72,1997,12/31/1997,962.37,15.5,39.72,161.3,5.81,1554.00,25.03,64.14,33.03,86.88
73,1998,1/31/1998,963.36,15.55,39.66,161.6,5.54,1552.71,25.06,63.92,32.86,87.19
74,1998,2/28/1998,"1,023.74",15.6,39.6,161.9,5.57,1646.97,25.1,63.71,34.71,87.4
75,1998,3/31/1998,"1,076.83",15.64,39.54,162.2,5.65,1729.18,25.11,63.49,36.3,87.91
76,1998,4/30/1998,"1,112.20",15.75,39.35,162.5,5.64,1782.68,25.24,63.07,37.28,88.59
77,1998,5/31/1998,"1,108.42",15.85,39.16,162.8,5.65,1773.34,25.36,62.65,36.96,89.4
78,1998,6/30/1998,"1,108.39",15.95,38.97,163,5.5,1771.12,25.49,62.27,36.8,90.22
79,1998,7/31/1998,"1,156.58",16.02,38.68,163.2,5.46,1845.86,25.56,61.73,38.26,90.89
80,1998,8/31/1998,"1,074.62",16.08,38.38,163.4,5.34,1712.95,25.64,61.18,35.42,91.43
81,1998,9/30/1998,"1,020.64",16.14,38.09,163.6,4.81,1624.92,25.7,60.64,33.53,91.78
82,1998,10/31/1998,"1,032.47",16.17,37.96,164,4.53,1639.74,25.68,60.29,33.77,92.03
83,1998,11/30/1998,"1,144.43",16.18,37.84,164,4.83,1817.56,25.7,60.09,37.37,92.22
84,1998,12/31/1998,"1,190.05",16.2,37.71,163.9,4.65,1891.16,25.74,59.93,38.82,92.47
85,1999,1/31/1999,"1,248.77",16.28,37.93,164.3,4.72,1979.65,25.81,60.13,40.58,92.74
86,1999,2/28/1999,"1,246.58",16.37,38.16,164.5,5,1973.77,25.91,60.42,40.4,93.01
87,1999,3/31/1999,"1,281.66",16.45,38.38,165,5.23,2023.17,25.97,60.58,41.36,93.64
88,1999,4/30/1999,"1,334.76",16.45,39.26,166.2,5.18,2091.77,25.78,61.53,42.7,94.46
89,1999,5/31/1999,"1,332.07",16.45,40.14,166.2,5.54,2087.56,25.78,62.91,42.56,95.39
90,1999,6/30/1999,"1,322.55",16.45,41.02,166.2,5.9,2072.64,25.78,64.28,42.18,96.39
91,1999,7/31/1999,"1,380.99",16.51,42,166.7,5.79,2157.73,25.8,65.62,43.83,97.22
92,1999,8/31/1999,"1,327.49",16.58,42.98,167.1,5.94,2069.18,25.84,66.99,41.93,97.93
93,1999,9/30/1999,"1,318.17",16.64,43.96,167.9,5.92,2044.86,25.81,68.19,41.32,98.43
94,1999,10/31/1999,"1,300.01",16.66,45.36,168.2,6.11,2013.09,25.79,70.25,40.55,98.86
95,1999,11/30/1999,"1,391.00",16.67,46.77,168.3,6.03,2152.71,25.8,72.38,43.21,99.18
96,1999,12/31/1999,"1,428.68",16.69,48.17,168.3,6.28,2211.02,25.83,74.55,44.2,99.58
97,2000,1/31/2000,"1,425.59",16.71,49.1,168.8,6.66,2199.71,25.79,75.76,43.77,100
98,2000,2/29/2000,"1,388.87",16.74,50.02,169.8,6.52,2130.43,25.67,76.73,42.19,100.57
99,2000,3/31/2000,"1,442.21",16.76,50.95,171.2,6.26,2194.16,25.5,77.51,43.22,101.47
100,2000,4/30/2000,"1,461.36",16.74,51.27,171.3,5.99,2221.99,25.45,77.96,43.53,102.54
101,2000,5/31/2000,"1,418.48",16.72,51.6,171.5,6.44,2154.28,25.39,78.36,41.97,103.7
102,2000,6/30/2000,"1,461.96",16.7,51.92,172.4,6.1,2208.72,25.23,78.44,42.78,104.86
103,2000,7/31/2000,"1,473.00",16.58,52.51,172.8,6.05,2220.25,25,79.15,42.76,105.72
104,2000,8/31/2000,"1,485.46",16.47,53.11,172.8,5.83,2239.03,24.82,80.05,42.87,106.52
105,2000,9/30/2000,"1,468.05",16.35,53.7,173.7,5.8,2201.32,24.52,80.52,41.9,107.14
106,2000,10/31/2000,"1,390.14",16.32,52.47,174,5.74,2080.90,24.43,78.54,39.37,107.73
107,2000,11/30/2000,"1,378.04",16.3,51.23,174.1,5.72,2061.61,24.38,76.65,38.78,108.29
108,2000,12/31/2000,"1,330.93",16.27,50,174,5.24,1992.27,24.35,74.85,37.27,108.79
109,2001,1/31/2001,"1,335.63",16.17,48.48,175.1,5.16,1986.75,24.05,72.11,36.98,109.22
110,2001,2/28/2001,"1,305.75",16.07,46.96,175.8,5.1,1934.57,23.81,69.57,35.83,109.64
111,2001,3/31/2001,"1,185.85",15.97,45.44,176.2,4.89,1752.94,23.61,67.17,32.33,110.4
112,2001,4/30/2001,"1,189.84",15.88,42.56,176.9,5.14,1751.88,23.38,62.66,32.17,111.25
113,2001,5/31/2001,"1,270.37",15.78,39.67,177.7,5.39,1862.02,23.13,58.15,34.07,112.2
114,2001,6/30/2001,"1,238.71",15.69,36.79,178,5.28,1812.56,22.96,53.83,33.07,113.27
115,2001,7/31/2001,"1,204.45",15.71,33.96,177.5,5.24,1767.39,23.05,49.84,32.16,114.23
116,2001,8/31/2001,"1,178.50",15.72,31.14,177.5,4.97,1729.31,23.07,45.69,31.4,114.99
117,2001,9/30/2001,"1,044.64",15.74,28.31,178.3,4.73,1526.01,22.99,41.36,27.67,115.47
118,2001,10/31/2001,"1,076.59",15.74,27.1,177.7,4.57,1577.99,23.07,39.73,28.58,115.68
119,2001,11/30/2001,"1,129.68",15.74,25.9,177.4,4.65,1658.61,23.11,38.02,30.01,115.84
120,2001,12/31/2001,"1,144.93",15.74,24.69,176.7,5.09,1687.66,23.2,36.39,30.5,116.06
121,2002,1/31/2002,"1,140.21",15.74,24.69,177.1,5.04,1676.91,23.14,36.32,30.28,116.44
122,2002,2/28/2002,"1,100.67",15.73,24.7,177.8,4.91,1612.38,23.05,36.18,29.09,116.92
123,2002,3/31/2002,"1,153.79",15.73,24.7,178.8,5.28,1680.75,22.91,35.98,30.29,117.93
124,2002,4/30/2002,"1,111.93",15.83,25.38,179.8,5.21,1610.76,22.94,36.77,29.01,119.21
125,2002,5/31/2002,"1,079.25",15.94,26.06,179.8,5.16,1563.42,23.09,37.75,28.13,120.79
126,2002,6/30/2002,"1,014.02",16.04,26.74,179.9,4.93,1468.11,23.22,38.71,26.39,122.34
127,2002,7/31/2002,903.59,15.96,27.84,180.1,4.65,1306.77,23.08,40.26,23.46,123.69
128,2002,8/31/2002,912.55,15.88,28.94,180.7,4.26,1315.35,22.89,41.71,23.59,124.73
129,2002,9/30/2002,867.81,15.8,30.04,181,3.87,1248.79,22.74,43.23,22.37,125.49
130,2002,10/31/2002,854.63,15.89,29.22,181.3,3.94,1227.79,22.83,41.98,21.96,126.14
131,2002,11/30/2002,909.93,15.98,28.41,181.3,4.05,1307.23,22.96,40.81,23.35,126.64
132,2002,12/31/2002,899.18,16.07,27.59,180.9,4.03,1294.65,23.14,39.72,23.1,127.15
133,2003,1/31/2003,895.84,16.12,28.5,181.7,4.05,1284.16,23.11,40.85,22.9,127.65
134,2003,2/28/2003,837.03,16.17,29.41,183.1,3.9,1190.68,23,41.84,21.21,128.33
135,2003,3/31/2003,846.63,16.22,30.32,184.2,3.81,1197.14,22.94,42.87,21.31,129.31
136,2003,4/30/2003,890.03,16.2,31.73,183.8,3.96,1261.25,22.96,44.96,22.43,130.49
137,2003,5/31/2003,935.96,16.19,33.14,183.5,3.57,1328.51,22.98,47.04,23.59,131.84
138,2003,6/30/2003,988,16.17,34.55,183.7,3.33,1400.85,22.93,48.99,24.83,133.23
139,2003,7/31/2003,992.54,16.31,35.89,183.9,3.98,1405.75,23.1,50.84,24.87,134.65
140,2003,8/31/2003,989.53,16.45,37.24,184.6,4.45,1396.18,23.21,52.54,24.64,135.97
141,2003,9/30/2003,"1,019.44",16.59,38.58,185.2,4.27,1433.72,23.33,54.26,25.24,137.08
142,2003,10/31/2003,"1,038.73",16.86,41.97,185,4.29,1462.43,23.73,59.08,25.68,137.98
143,2003,11/30/2003,"1,049.90",17.12,45.35,184.5,4.3,1482.16,24.17,64.03,25.95,138.77
144,2003,12/31/2003,"1,080.64",17.39,48.74,184.3,4.27,1527.21,24.58,68.88,26.64,139.63
145,2004,1/31/2004,"1,132.52",17.6,49.83,185.2,4.15,1592.75,24.75,70.08,27.66,140.71
146,2004,2/29/2004,"1,143.36",17.81,50.91,186.2,4.08,1599.36,24.91,71.22,27.65,142.03
147,2004,3/31/2004,"1,123.98",18.02,52,187.4,3.83,1562.18,25.05,72.27,26.89,144.09
148,2004,4/30/2004,"1,133.36",18.21,53.38,188,4.35,1570.19,25.23,73.96,26.9,146.18
149,2004,5/31/2004,"1,102.78",18.41,54.77,189.1,4.72,1518.94,25.35,75.43,25.9,148.34
150,2004,6/30/2004,"1,132.76",18.6,56.15,189.7,4.73,1555.30,25.54,77.09,26.4,150.52
151,2004,7/31/2004,"1,105.85",18.79,56.69,189.4,4.5,1520.75,25.84,77.96,25.7,152.34
152,2004,8/31/2004,"1,088.94",18.97,57.23,189.5,4.28,1496.71,26.08,78.66,25.17,153.82
153,2004,9/30/2004,"1,117.66",19.16,57.77,189.9,4.13,1532.95,26.28,79.24,25.67,155.11
154,2004,10/31/2004,"1,117.21",19.25,58.03,190.9,4.1,1524.30,26.27,79.18,25.41,156.3
155,2004,11/30/2004,"1,168.94",19.35,58.29,191,4.19,1594.05,26.38,79.49,26.47,157.5
156,2004,12/31/2004,"1,199.21",19.44,58.55,190.3,4.23,1641.34,26.61,80.14,27.14,158.68
157,2005,1/31/2005,"1,181.41",19.7,59.11,190.7,4.22,1613.59,26.91,80.73,26.59,160.14
158,2005,2/28/2005,"1,199.63",19.97,59.66,191.8,4.17,1629.08,27.11,81.02,26.74,161.93
159,2005,3/31/2005,"1,194.90",20.23,60.22,193.3,4.5,1610.06,27.26,81.14,26.34,164.58
160,2005,4/30/2005,"1,164.43",20.46,61.23,194.6,4.34,1558.52,27.39,81.96,25.41,167
161,2005,5/31/2005,"1,178.28",20.7,62.25,194.4,4.14,1578.68,27.73,83.4,25.65,169.54
162,2005,6/30/2005,"1,202.25",20.93,63.26,194.5,4,1609.97,28.03,84.71,26.07,172.02
163,2005,7/31/2005,"1,222.24",21.11,64.33,195.4,4.18,1629.20,28.14,85.75,26.29,174.1
164,2005,8/31/2005,"1,224.27",21.29,65.4,196.4,4.26,1623.60,28.23,86.73,26.1,175.92
165,2005,9/30/2005,"1,225.92",21.47,66.47,198.8,4.2,1606.16,28.13,87.09,25.73,177.61
166,2005,10/31/2005,"1,191.96",21.72,67.59,199.2,4.46,1558.53,28.4,88.38,24.88,178.76
167,2005,11/30/2005,"1,237.37",21.97,68.71,197.6,4.54,1631.01,28.96,90.57,25.93,179.68
168,2005,12/31/2005,"1,262.07",22.22,69.83,196.8,4.47,1670.33,29.41,92.42,26.44,180.11
169,2006,1/31/2006,"1,278.73",22.41,70.78,198.3,4.42,1679.57,29.43,92.96,26.47,180.83
170,2006,2/28/2006,"1,276.65",22.59,71.72,198.7,4.57,1673.47,29.62,94.02,26.25,181.51
171,2006,3/31/2006,"1,293.74",22.78,72.67,199.8,4.72,1686.53,29.7,94.73,26.33,182.76
172,2006,4/30/2006,"1,302.17",23,73.28,201.5,4.99,1683.20,29.73,94.72,26.15,183.65
173,2006,5/31/2006,"1,290.01",23.22,73.88,202.5,5.11,1659.25,29.87,95.03,25.65,184.38
174,2006,6/30/2006,"1,253.17",23.44,74.49,202.9,5.11,1608.68,30.09,95.62,24.75,184.55
175,2006,7/31/2006,"1,260.24",23.66,75.85,203.5,5.09,1612.99,30.28,97.08,24.7,184.62
176,2006,8/31/2006,"1,287.15",23.88,77.21,203.9,4.88,1644.20,30.5,98.63,25.05,184.41
177,2006,9/30/2006,"1,317.74",24.1,78.57,202.9,4.72,1691.57,30.94,100.86,25.64,184.21
178,2006,10/31/2006,"1,363.38",24.36,79.55,201.8,4.73,1759.70,31.44,102.67,26.54,184.06
179,2006,11/30/2006,"1,388.64",24.62,80.53,201.5,4.6,1794.97,31.82,104.09,26.93,183.64
180,2006,12/31/2006,"1,416.42",24.88,81.51,201.8,4.56,1828.16,32.11,105.2,27.28,183.24
181,2007,1/31/2007,"1,424.16",25.08,82.06,202.42,4.76,1832.55,32.28,105.59,27.21,182.72
182,2007,2/28/2007,"1,444.80",25.29,82.6,203.5,4.72,1849.22,32.36,105.73,27.32,182.48
183,2007,3/31/2007,"1,406.95",25.49,83.15,205.35,4.56,1784.52,32.33,105.46,26.23,182.2
184,2007,4/30/2007,"1,463.64",25.72,83.74,206.69,4.69,1844.45,32.41,105.53,26.98,182.14
185,2007,5/31/2007,"1,511.14",25.94,84.33,207.95,4.75,1892.74,32.49,105.63,27.55,181.89
186,2007,6/30/2007,"1,514.19",26.17,84.92,208.35,5.1,1892.89,32.72,106.16,27.42,181.55
187,2007,7/31/2007,"1,520.71",26.44,82.81,208.3,5,1901.52,33.06,103.55,27.41,181
188,2007,8/31/2007,"1,454.62",26.71,80.71,207.92,4.67,1822.23,33.46,101.1,26.15,180.24
189,2007,9/30/2007,"1,497.12",26.98,78.6,208.49,4.52,1870.31,33.71,98.19,26.73,179.13
190,2007,10/31/2007,"1,539.66",27.23,74.46,208.94,4.53,1919.35,33.95,92.82,27.32,177.54
191,2007,11/30/2007,"1,463.39",27.48,70.32,210.18,4.15,1813.50,34.05,87.14,25.73,175.17
192,2007,12/31/2007,"1,479.22",27.73,66.18,210.04,4.1,1834.35,34.39,82.07,25.96,173.35
193,2008,1/31/2008,"1,378.76",27.92,64.25,211.08,3.74,1701.31,34.45,79.28,24.02,171.08
194,2008,2/29/2008,"1,354.87",28.11,62.32,211.69,3.74,1666.99,34.59,76.68,23.5,169.2
195,2008,3/31/2008,"1,316.94",28.3,60.39,213.53,3.51,1606.40,34.52,73.66,22.61,167.91
196,2008,4/30/2008,"1,370.47",28.44,57.38,214.82,3.68,1661.62,34.48,69.57,23.36,167.33
197,2008,5/31/2008,"1,403.22",28.57,54.38,216.63,3.88,1687.12,34.35,65.38,23.7,167.03
198,2008,6/30/2008,"1,341.25",28.71,51.37,218.82,4.1,1596.52,34.17,61.15,22.42,166.55
199,2008,7/31/2008,"1,257.33",28.76,49.56,219.96,4.01,1488.81,34.05,58.69,20.91,165.72
200,2008,8/31/2008,"1,281.47",28.8,47.76,219.09,3.89,1523.48,34.24,56.78,21.4,164.29
201,2008,9/30/2008,"1,216.95",28.85,45.95,218.78,3.69,1448.78,34.35,54.7,20.36,161.92
202,2008,10/31/2008,968.8,28.7,35.59,216.57,3.81,1165.13,34.51,42.81,16.39,159.17
203,2008,11/30/2008,883.04,28.54,25.24,212.43,3.53,1082.72,35,30.94,15.26,156.08
204,2008,12/31/2008,877.56,28.39,14.88,210.23,2.42,1087.25,35.17,18.44,15.38,152.55
205,2009,1/31/2009,865.58,28.01,12.21,211.14,2.52,1067.76,34.56,15.06,15.17,149.37
206,2009,2/28/2009,805.23,27.64,9.53,212.19,2.87,988.40,33.92,11.7,14.12,147.63
207,2009,3/31/2009,757.13,27.26,6.86,212.71,2.82,927.10,33.38,8.4,13.32,146.52
208,2009,4/30/2009,848.15,26.7,7.08,213.24,2.93,1035.97,32.62,8.64,14.98,146.95
209,2009,5/31/2009,902.41,26.15,7.29,213.86,3.29,1099.07,31.84,8.88,16,148.18
210,2009,6/30/2009,926.12,25.59,7.51,215.69,3.72,1118.34,30.9,9.07,16.38,149.8
211,2009,7/31/2009,935.82,25.03,9.19,215.35,3.56,1131.85,30.27,11.11,16.69,150.75
212,2009,8/31/2009,"1,009.73",24.46,10.86,215.83,3.59,1218.51,29.52,13.11,18.09,150.67
213,2009,9/30/2009,"1,044.55",23.9,12.54,215.97,3.4,1259.74,28.82,15.12,18.83,149.63
214,2009,10/31/2009,"1,067.66",23.4,25.35,216.18,3.39,1286.37,28.2,30.54,19.36,148.59
215,2009,11/30/2009,"1,088.07",22.91,38.16,216.33,3.4,1310.03,27.58,45.94,19.81,147.95
216,2009,12/31/2009,"1,110.38",22.41,50.97,215.95,3.59,1339.25,27.03,61.48,20.32,146.67
217,2010,1/31/2010,"1,123.58",22.24,54.29,216.69,3.73,1350.56,26.73,65.26,20.53,145
218,2010,2/28/2010,"1,089.16",22.07,57.61,216.74,3.69,1308.86,26.52,69.23,19.92,143.06
219,2010,3/31/2010,"1,152.05",21.9,60.93,217.63,3.73,1378.77,26.21,72.92,21,143.6
220,2010,4/30/2010,"1,197.32",21.95,62.99,218.01,3.85,1430.47,26.22,75.25,21.8,145.4
221,2010,5/31/2010,"1,125.06",21.99,65.04,218.18,3.42,1343.10,26.26,77.65,20.48,147.03
222,2010,6/30/2010,"1,083.36",22.04,67.1,217.97,3.2,1294.58,26.34,80.18,19.74,147.7
223,2010,7/31/2010,"1,079.80",22.14,68.69,218.01,3.01,1290.05,26.45,82.06,19.67,147.55
224,2010,8/31/2010,"1,087.28",22.25,70.27,218.31,2.7,1297.20,26.54,83.84,19.77,146.42
225,2010,9/30/2010,"1,122.08",22.35,71.86,218.44,2.65,1337.94,26.65,85.68,20.38,144.6
226,2010,10/31/2010,"1,171.58",22.48,73.69,218.71,2.54,1395.22,26.77,87.76,21.24,143.13
227,2010,11/30/2010,"1,198.89",22.6,75.52,218.8,2.76,1427.15,26.91,89.9,21.7,141.82
228,2010,12/31/2010,"1,241.53",22.73,77.35,219.18,3.29,1475.37,27.01,91.92,22.4,140.64
229,2011,1/31/2011,"1,282.62",22.96,78.67,220.22,3.39,1516.97,27.16,93.04,22.98,139.05
230,2011,2/28/2011,"1,321.12",23.2,79.99,221.31,3.58,1554.84,27.3,94.14,23.49,137.74
231,2011,3/31/2011,"1,304.49",23.43,81.31,223.47,3.41,1520.44,27.31,94.77,22.9,137.79
232,2011,4/30/2011,"1,331.51",23.73,82.16,224.91,3.46,1542.01,27.49,95.15,23.14,139.16
233,2011,5/31/2011,"1,338.31",24.04,83.02,225.96,3.17,1542.62,27.71,95.69,23.06,140.68
234,2011,6/30/2011,"1,287.29",24.34,83.87,225.72,3,1485.41,28.09,96.78,22.1,141.94
235,2011,7/31/2011,"1,325.19",24.62,84.91,225.92,3,1527.79,28.38,97.89,22.61,142.33
236,2011,8/31/2011,"1,185.31",24.9,85.94,226.55,2.3,1362.76,28.63,98.81,20.05,141.78
237,2011,9/30/2011,"1,173.88",25.18,86.98,226.89,1.98,1347.58,28.91,99.85,19.7,140.16
238,2011,10/31/2011,"1,207.22",25.6,86.97,226.42,2.15,1388.71,29.44,100.05,20.16,138.4
239,2011,11/30/2011,"1,226.42",26.01,86.96,226.23,2.01,1411.99,29.95,100.12,20.35,136.65
240,2011,12/31/2011,"1,243.32",26.43,86.95,225.67,1.98,1434.99,30.5,100.35,20.52,135.16
241,2012,1/31/2012,"1,300.58",26.74,87.48,226.67,1.97,1494.50,30.72,100.52,21.21,134.16
242,2012,2/29/2012,"1,352.49",27.04,88.01,227.66,1.97,1547.33,30.94,100.69,21.8,134
243,2012,3/31/2012,"1,389.24",27.35,88.54,229.39,2.17,1577.40,31.05,100.53,22.05,135.87
244,2012,4/30/2012,"1,386.43",27.67,88.33,230.09,2.05,1569.47,31.33,100,21.78,138.48
245,2012,5/31/2012,"1,341.27",28,88.13,229.82,1.8,1520.13,31.73,99.88,20.94,141.05
246,2012,6/30/2012,"1,323.48",28.32,87.92,229.48,1.62,1502.17,32.14,99.79,20.55,143.17
247,2012,7/31/2012,"1,359.78",28.74,87.45,229.1,1.53,1545.89,32.68,99.42,21,144.28
248,2012,8/31/2012,"1,403.45",29.17,86.97,230.38,1.68,1586.71,32.98,98.33,21.41,144.7
249,2012,9/30/2012,"1,443.42",29.59,86.5,231.41,1.72,1624.65,33.31,97.36,21.78,144.36
250,2012,10/31/2012,"1,437.82",30.14,86.5,231.32,1.75,1618.97,33.94,97.4,21.58,143.97
251,2012,11/30/2012,"1,394.51",30.7,86.51,230.22,1.65,1577.68,34.73,97.87,20.9,143.97
252,2012,12/31/2012,"1,422.29",31.25,86.51,229.6,1.72,1613.46,35.45,98.14,21.24,143.88
253,2013,1/31/2013,"1,480.40",31.54,86.91,230.28,1.91,1674.42,35.67,98.3,21.9,144.31
254,2013,2/28/2013,"1,512.31",31.82,87.3,232.17,1.98,1696.62,35.7,97.94,22.05,145.16
255,2013,3/31/2013,"1,550.83",32.11,87.7,232.77,1.96,1735.30,35.93,98.13,22.42,147.96
256,2013,4/30/2013,"1,570.70",32.5,88.78,232.53,1.76,1759.36,36.4,99.45,22.6,150.97
257,2013,5/31/2013,"1,639.84",32.88,89.87,232.95,1.93,1833.54,36.77,100.48,23.41,153.87
258,2013,6/30/2013,"1,618.77",33.27,90.95,233.5,2.3,1805.65,37.11,101.45,22.93,156.44
259,2013,7/31/2013,"1,668.68",33.65,92.09,233.6,2.58,1860.59,37.52,102.68,23.49,158.3
260,2013,8/31/2013,"1,670.09",34.02,93.23,233.88,2.74,1859.92,37.89,103.83,23.36,159.41
261,2013,9/30/2013,"1,687.17",34.4,94.37,234.15,2.81,1876.76,38.27,104.97,23.44,159.69
262,2013,10/31/2013,"1,720.03",34.6,96.31,233.55,2.62,1918.25,38.58,107.41,23.83,159.57
263,2013,11/30/2013,"1,783.54",34.79,98.26,233.07,2.72,1993.15,38.88,109.8,24.64,159.37
264,2013,12/31/2013,"1,807.78",34.99,100.2,233.05,2.9,2020.42,39.11,111.99,24.86,159.29
265,2014,1/31/2014,"1,822.36",35.4,100.42,233.92,2.86,2029.16,39.42,111.81,24.86,159.39
266,2014,2/28/2014,"1,817.04",35.82,100.63,234.78,2.71,2015.79,39.73,111.64,24.59,159.9
267,2014,3/31/2014,"1,863.52",36.23,100.85,236.29,2.72,2054.12,39.94,111.16,24.96,161.22
268,2014,4/30/2014,"1,864.26",36.61,101.61,237.07,2.71,2048.18,40.23,111.63,24.79,162.99
269,2014,5/31/2014,"1,889.77",37,102.36,237.9,2.56,2068.98,40.51,112.07,24.94,164.71
270,2014,6/30/2014,"1,947.09",37.38,103.12,238.34,2.6,2127.78,40.85,112.69,25.56,166.23
271,2014,7/31/2014,"1,973.10",37.75,104.07,238.25,2.54,2157.04,41.27,113.77,25.82,167.15
272,2014,8/31/2014,"1,961.53",38.12,105.01,237.85,2.42,2147.98,41.74,115,25.62,167.46
273,2014,9/30/2014,"1,993.23",38.49,105.96,238.03,2.53,2181.05,42.12,115.94,25.92,167.26
274,2014,10/31/2014,"1,937.27",38.81,104.74,237.43,2.3,2125.16,42.57,114.9,25.16,166.93
275,2014,11/30/2014,"2,044.57",39.12,103.53,236.15,2.33,2255.04,43.15,114.18,26.61,166.68
276,2014,12/31/2014,"2,054.27",39.44,102.31,234.81,2.21,2278.66,43.75,113.49,26.79,166.49
277,2015,1/31/2015,"2,028.18",39.9,101.29,233.71,1.88,2260.36,44.46,112.89,26.49,166.29
278,2015,2/28/2015,"2,082.20",40.35,100.27,234.72,1.98,2310.53,44.78,111.27,27,166.68
279,2015,3/31/2015,"2,079.99",40.81,99.25,236.12,2.04,2294.42,45.02,109.48,26.73,168.13
280,2015,4/30/2015,"2,094.86",41.12,97.8,236.6,1.94,2306.14,45.27,107.67,26.79,170.01
281,2015,5/31/2015,"2,111.94",41.43,96.36,237.81,2.2,2313.15,45.38,105.54,26.81,171.88
282,2015,6/30/2015,"2,099.29",41.74,94.91,238.64,2.36,2291.27,45.56,103.59,26.5,173.48
283,2015,7/31/2015,"2,094.14",42,93.49,238.65,2.32,2285.49,45.83,102.04,26.38,174.53
284,2015,8/31/2015,"2,039.87",42.25,92.08,238.32,2.17,2229.42,46.18,100.63,25.69,174.97
285,2015,9/30/2015,"1,944.41",42.51,90.66,237.95,2.17,2128.40,46.53,99.24,24.5,175.09
286,2015,10/31/2015,"2,024.81",42.8,89.28,237.84,2.07,2217.41,46.87,97.78,25.49,175.1
287,2015,11/30/2015,"2,080.62",43.1,87.91,237.34,2.26,2283.35,47.3,96.47,26.23,175.2
288,2015,12/31/2015,"2,054.08",43.39,86.53,236.53,2.24,2261.95,47.78,95.29,25.97,175.18
289,2016,1/31/2016,"1,918.60",43.55,86.5,236.92,2.09,2109.27,47.88,95.1,24.21,175.1
290,2016,2/29/2016,"1,904.42",43.72,86.47,237.11,1.78,2091.96,48.02,94.99,24,175.33
291,2016,3/31/2016,"2,021.95",43.88,86.44,238.13,1.89,2211.54,47.99,94.55,25.37,176.65
292,2016,4/30/2016,"2,075.54",44.07,86.6,239.26,1.81,2259.45,47.98,94.27,25.92,178.53
293,2016,5/31/2016,"2,065.55",44.27,86.76,240.23,1.81,2239.51,47.99,94.07,25.69,180.38
294,2016,6/30/2016,"2,083.89",44.46,86.92,241.02,1.64,2252.00,48.05,93.93,25.84,181.97
295,2016,7/31/2016,"2,148.90",44.65,87.64,240.63,1.5,2326.02,48.33,94.87,26.69,183.09
296,2016,8/31/2016,"2,170.95",44.84,88.37,240.85,1.56,2347.73,48.49,95.56,26.95,183.74
297,2016,9/30/2016,"2,157.69",45.03,89.09,241.43,1.63,2327.79,48.58,96.11,26.73,184.04
298,2016,10/31/2016,"2,143.02",45.25,90.91,241.73,1.76,2309.09,48.76,97.95,26.53,184.12
299,2016,11/30/2016,"2,164.99",45.48,92.73,241.35,2.14,2336.39,49.08,100.07,26.85,184.34
300,2016,12/31/2016,"2,246.63",45.7,94.55,241.43,2.49,2423.70,49.3,102,27.87,184.52
301,2017,1/31/2017,"2,275.12",45.93,96.46,242.84,2.43,2440.22,49.26,103.46,28.06,184.77
302,2017,2/28/2017,"2,329.91",46.15,98.38,243.6,2.42,2491.15,49.35,105.18,28.66,185.14
303,2017,3/31/2017,"2,366.82",46.38,100.29,243.8,2.48,2528.56,49.55,107.14,29.09,186.64
304,2017,4/30/2017,"2,359.31",46.66,101.53,244.52,2.3,2513.08,49.7,108.15,28.9,188.65
305,2017,5/31/2017,"2,395.35",46.94,102.78,244.73,2.3,2549.29,49.96,109.38,29.31,190.65
306,2017,6/30/2017,"2,433.99",47.22,104.02,244.96,2.19,2588.07,50.21,110.6,29.75,192.4
307,2017,7/31/2017,"2,454.10",47.54,105.04,244.79,2.32,2611.25,50.58,111.77,30,193.66
308,2017,8/31/2017,"2,456.22",47.85,106.06,245.52,2.21,2605.70,50.77,112.51,29.91,194.5
309,2017,9/30/2017,"2,492.84",48.17,107.08,246.82,2.2,2630.62,50.83,113,30.17,194.97
310,2017,10/31/2017,"2,557.00",48.42,108.01,246.66,2.36,2700.04,51.13,114.06,30.92,195.24
311,2017,11/30/2017,"2,593.61",48.68,108.95,246.67,2.35,2738.63,51.4,115.04,31.3,195.61
312,2017,12/31/2017,"2,664.34",48.93,109.88,246.52,2.4,2814.97,51.7,116.09,32.09,196.01
313,2018,1/31/2018,"2,789.80",49.29,111.73,247.87,2.58,2931.55,51.79,117.41,33.31,196.29
314,2018,2/28/2018,"2,705.16",49.64,113.59,248.99,2.86,2829.78,51.93,118.82,32.04,197.08
315,2018,3/31/2018,"2,702.77",50,115.44,249.55,2.84,2820.90,52.19,120.49,31.81,198.75
316,2018,4/30/2018,"2,653.63",50.33,117.79,250.55,2.87,2758.64,52.32,122.45,30.97,200.8
317,2018,5/31/2018,"2,701.49",50.66,120.13,251.59,2.98,2796.77,52.45,124.37,31.24,202.66
318,2018,6/30/2018,"2,754.35",50.99,122.48,251.99,2.91,2846.95,52.7,126.6,31.63,204.26
319,2018,7/31/2018,"2,793.64",51.44,125.12,252.01,2.89,2887.37,53.17,129.31,31.89,205.18
320,2018,8/31/2018,"2,857.82",51.89,127.75,252.15,2.89,2952.06,53.6,131.97,32.39,205.55
321,2018,9/30/2018,"2,901.50",52.34,130.39,252.44,3,2993.70,54,134.53,32.62,205.59
322,2018,10/31/2018,"2,785.46",52.81,131.06,252.89,3.15,2868.91,54.39,134.98,31.04,205.59
323,2018,11/30/2018,"2,723.23",53.28,131.72,252.04,3.12,2814.24,55.06,136.13,30.2,205.33
324,2018,12/31/2018,"2,567.31",53.75,132.39,251.23,2.83,2661.61,55.72,137.25,28.29,204.92
325,2019,1/31/2019,"2,607.39",54.15,133.06,251.71,2.71,2698.02,56.03,137.68,28.38,204.45
326,2019,2/28/2019,"2,754.86",54.54,133.72,252.78,2.68,2838.61,56.2,137.79,29.54,204.69
327,2019,3/31/2019,"2,803.98",54.94,134.39,254.2,2.57,2873.02,56.29,137.7,29.58,206.04
328,2019,4/30/2019,"2,903.80",55.32,134.68,255.55,2.53,2959.63,56.38,137.27,30.13,207.94
329,2019,5/31/2019,"2,854.71",55.7,134.98,256.09,2.4,2903.41,56.65,137.28,29.24,209.62
330,2019,6/30/2019,"2,890.17",56.08,135.27,256.14,2.06,2938.89,57.02,137.55,29.28,210.84
331,2019,7/31/2019,"2,996.11",56.46,134.48,256.57,1.63,3041.54,57.31,136.52,29.99,211.59
332,2019,8/31/2019,"2,897.50",56.84,133.69,256.56,1.63,2941.58,57.7,135.72,28.71,211.95
333,2019,9/30/2019,"2,982.16",57.22,132.9,256.76,1.7,3025.15,58.05,134.82,29.23,212.2
334,2019,10/31/2019,"2,977.68",57.56,135.09,257.35,1.71,3013.72,58.26,136.73,28.84,212.35
335,2019,11/30/2019,"3,104.90",57.9,137.28,257.21,1.81,3144.17,58.63,139.02,29.84,212.67
336,2019,12/31/2019,"3,176.75",58.24,139.47,256.97,1.86,3219.86,59.03,141.36,30.33,213.16
